<?xml version="1.0" encoding="UTF-8"?>
<modification>
	<name>Extended Reviews for Opencart 2.3</name>
	<version>1.0</version>
	<link>http://nikita-sp.com.ua/</link>
	<code>er-nsp</code>
	<author>Nikita Spivak</author>

	<file path="admin/controller/common/column_left.php">
		<operation>
			<search><![CDATA[if ($this->user->hasPermission('access', 'catalog/review')) {]]></search>
			<add position="replace" offset="7"><![CDATA[
			// Extended reviews
			$review = array();

			if ($this->user->hasPermission('access', 'catalog/review')) {
				$review[] = array(
					'name'     => $this->language->get('text_review'),
					'href'     => $this->url->link('catalog/review', 'token=' . $this->session->data['token'], true),
					'children' => array()
				);
			}

			if ($this->user->hasPermission('access', 'catalog/review_reply')) {
				$review[] = array(
					'name'	   => $this->language->get('text_review_reply'),
					'href'     => $this->url->link('catalog/review_reply', 'token=' . $this->session->data['token'], true),
					'children' => array()
				);
			}

			if ($review) {
				$catalog[] = array(
					'name'	   => $this->language->get('text_review'),
					'href'     => '',
					'children' => $review
				);
			}
			]]></add>
		</operation>
	</file>

	<file path="admin/language/ru-ru/common/column_left.php">
		<operation>
			<search><![CDATA[// Text]]></search>
			<add position="after"><![CDATA[$_['text_review_reply'] = 'Ответы на отзывы';]]></add>
		</operation>
	</file>

	<file path="admin/language/*/common/column_left.php">
		<operation>
			<search><![CDATA[// Text]]></search>
			<add position="after"><![CDATA[$_['text_review_reply'] = 'Review reply';]]></add>
		</operation>
	</file>

	<file path="admin/model/catalog/review.php">
		<operation>
			<search><![CDATA[text = '" . $this->db->escape(strip_tags($data['text'])) . "',]]></search>
			<add position="replace"><![CDATA[text = '" . $this->db->escape(strip_tags($data['text'])) . "', email = '" . $this->db->escape($data['email']) . "', advant = '" . $this->db->escape(strip_tags($data['advant'])) . "', disadvant = '" . $this->db->escape(strip_tags($data['disadvant'])) . "', positive = '" . (int)$data['positive'] . "', negative = '" . (int) $data['negative'] . "',]]></add>
		</operation>
		<operation>
			<search><![CDATA[$this->db->query("DELETE FROM " . DB_PREFIX . "review WHERE review_id = '" . (int)$review_id . "'");]]></search>
			<add position="after"><![CDATA[
				$this->db->query("DELETE FROM " . DB_PREFIX . "review_reply WHERE review_id = '" . (int)$review_id . "'");
			]]></add>
		</operation>
	</file>

	<file path="admin/language/ru-ru/catalog/review.php">
		<operation>
			<search><![CDATA[// Text]]></search>
			<add position="after"><![CDATA[
				$_['entry_email'] = 'Email для подписки на ответы';
				$_['entry_advant'] = 'Достоинства продукта';
				$_['entry_disadvant'] = 'Недостатки продукта';
				$_['entry_positive'] = 'Количество пальцев вверх';
				$_['entry_negative'] = 'Количество пальцев вниз';
			]]></add>
		</operation>
	</file>

	<file path="admin/language/*/catalog/review.php">
		<operation>
			<search><![CDATA[// Text]]></search>
			<add position="after"><![CDATA[
				$_['entry_email'] = 'User email for subscription';
				$_['entry_advant'] = 'Product advantages';
				$_['entry_disadvant'] = 'Product disadvantages';
				$_['entry_positive'] = 'Review thumbs up';
				$_['entry_negative'] = 'Review thumbs down';
			]]></add>
		</operation>
	</file>

	<file path="admin/controller/catalog/review.php">
		<operation>
			<search><![CDATA[$data['entry_author'] = $this->language->get('entry_author');]]></search>
			<add position="after"><![CDATA[
				$data['entry_email'] = $this->language->get('entry_email');
				$data['entry_advant'] = $this->language->get('entry_advant');
				$data['entry_disadvant'] = $this->language->get('entry_disadvant');
				$data['entry_positive'] = $this->language->get('entry_positive');
				$data['entry_negative'] = $this->language->get('entry_negative');
			]]></add>
		</operation>
		<operation>
			<search><![CDATA[if (isset($this->request->post['rating'])) {]]></search>
			<add position="before"><![CDATA[
				if (isset($this->request->post['email'])) {
					$data['email'] = $this->request->post['email'];
				} elseif (!empty($review_info)) {
					$data['email'] = $review_info['email'];
				} else {
					$data['email'] = '';
				}
				if (isset($this->request->post['advant'])) {
					$data['advant'] = $this->request->post['advant'];
				} elseif (!empty($review_info)) {
					$data['advant'] = $review_info['advant'];
				} else {
					$data['advant'] = '';
				}
				if (isset($this->request->post['disadvant'])) {
					$data['disadvant'] = $this->request->post['disadvant'];
				} elseif (!empty($review_info)) {
					$data['disadvant'] = $review_info['disadvant'];
				} else {
					$data['disadvant'] = '';
				}
				if (isset($this->request->post['positive'])) {
					$data['positive'] = $this->request->post['positive'];
				} elseif (!empty($review_info)) {
					$data['positive'] = $review_info['positive'];
				} else {
					$data['positive'] = 0;
				}
				if (isset($this->request->post['negative'])) {
					$data['negative'] = $this->request->post['negative'];
				} elseif (!empty($review_info)) {
					$data['negative'] = $review_info['negative'];
				} else {
					$data['negative'] = 0;
				}
			]]></add>
		</operation>
	</file>

	<file path="admin/view/template/catalog/review_form.tpl">
		<operation>
			<search><![CDATA[<label class="col-sm-2 control-label" for="input-text"><?php echo $entry_text; ?></label>]]></search>
			<add position="before" offset="1"><![CDATA[
	          <div class="form-group">
	            <label class="col-sm-2 control-label" for="input-email"><?php echo $entry_email; ?></label>
	            <div class="col-sm-10">
	              <input type="text" name="email" value="<?php echo $email; ?>" placeholder="<?php echo $entry_email; ?>" id="input-email" class="form-control" />
	            </div>
	          </div>
	          <div class="form-group">
	            <label class="col-sm-2 control-label" for="input-advant"><?php echo $entry_advant; ?></label>
	            <div class="col-sm-10">
	              <input type="text" name="advant" value="<?php echo $advant; ?>" placeholder="<?php echo $entry_advant; ?>" id="input-advant" class="form-control" />
	            </div>
	          </div>
	          <div class="form-group">
	            <label class="col-sm-2 control-label" for="input-disadvant"><?php echo $entry_disadvant; ?></label>
	            <div class="col-sm-10">
	              <input type="text" name="disadvant" value="<?php echo $disadvant; ?>" placeholder="<?php echo $entry_disadvant; ?>" id="input-disadvant" class="form-control" />
	            </div>
	          </div>
	          <div class="form-group">
	            <label class="col-sm-2 control-label" for="input-positive"><?php echo $entry_positive; ?></label>
	            <div class="col-sm-10">
	              <input type="text" name="positive" value="<?php echo $positive; ?>" placeholder="<?php echo $entry_positive; ?>" id="input-positive" class="form-control" />
	            </div>
	          </div>
	          <div class="form-group">
	            <label class="col-sm-2 control-label" for="input-negative"><?php echo $entry_negative; ?></label>
	            <div class="col-sm-10">
	              <input type="text" name="negative" value="<?php echo $negative; ?>" placeholder="<?php echo $entry_negative; ?>" id="input-negative" class="form-control" />
	            </div>
	          </div>
			]]></add>
		</operation>
	</file>
    <!-- Catalog -->
	<file path="catalog/model/catalog/review.php">
		<operation>
			<search><![CDATA[author = '" . $this->db->escape($data['name']) . "',]]></search>
			<add position="replace"><![CDATA[author = '" . $this->db->escape($data['name']) . "', email = '" . $this->db->escape($data['email']) . "', advant = '" . $this->db->escape($data['advant']) . "', disadvant = '" . $this->db->escape($data['disadvant']) . "',]]></add>
		</operation>
		<operation>
			<search><![CDATA[r.author, r.rating, r.text, p.product_id,]]></search>
			<add position="replace"><![CDATA[r.author, r.rating, r.text, r.positive, r.negative, r.advant, r.disadvant, p.product_id,]]></add>
		</operation>
		<operation>
			<search><![CDATA[public function getTotalReviewsByProductId($product_id) {]]></search>
			<add position="before"><![CDATA[
				public function rateReview($review_id, $data) {
					$sql = "UPDATE " . DB_PREFIX . "review SET ";
					if($data['value'] > 0){
						if(isset($data['changed'])){
							$sql .= "negative = negative-1, ";
						}
						$sql .= "positive = positive+1 ";
					}else{
						if(isset($data['changed'])){
							$sql .= "positive = positive-1, ";
						}
						$sql .= "negative = negative+1 ";
					}
					$sql .= "WHERE review_id = '".(int)$review_id."'";
					$this->db->query($sql);
				}

				public function getReviewReplies($review_id) {
					$query = $this->db->query("SELECT * FROM " . DB_PREFIX . "review_reply WHERE review_id = '" . (int)$review_id . "' AND status = '1' ORDER BY date_added ASC");
					return $query->rows;
				}

				public function addReviewReply($review_id, $data) {
					$this->db->query("INSERT INTO " . DB_PREFIX . "review_reply SET review_id = '" . (int)$review_id . "', customer_id = '" . (int)$this->customer->getId() . "', author = '" . $this->db->escape($data['name']) . "', text = '" . $this->db->escape($data['text']) . "', date_added = NOW()");

					// Notification about reply
					$review = $this->db->query("SELECT * FROM " . DB_PREFIX . "review WHERE review_id = '" . (int)$review_id . "'");
					if(filter_var($review->row['email'], FILTER_VALIDATE_EMAIL)){
						$language = new Language($this->session->data['language']);
						$language->load('mail/review_reply');

						$subject = sprintf($language->get('text_new_subject'), $this->config->get('config_name'));
						$data['title'] = sprintf($language->get('text_new_subject'), html_entity_decode($this->config->get('config_name'), ENT_QUOTES, 'UTF-8'));

						$data['text_greeting'] = sprintf($language->get('text_new_greeting'), html_entity_decode($this->config->get('config_name'), ENT_QUOTES, 'UTF-8'));
						$data['text_link'] = $language->get('text_new_link');
						$data['text_footer'] = $language->get('text_new_footer');
						$data['text_powered'] = $language->get('text_new_powered');

						$data['logo'] = $this->config->get('config_url') . 'image/' . $this->config->get('config_logo');
						$data['store_name'] = $this->config->get('config_name');
						$data['store_url'] = $this->config->get('config_url');
						$data['link'] = $this->config->get('config_url') . 'index.php?route=product/product&product_id='.(int)$review->row['product_id'].'#tab=reviews';

						// Text Mail
						$text  = sprintf($language->get('text_new_greeting'), html_entity_decode($this->config->get('config_name'), ENT_QUOTES, 'UTF-8')) . "\n\n";

			  			$text .= $language->get('text_new_link') . " ";
						$text .= $this->config->get('config_url') . 'index.php?route=product/product&product_id='.(int)$review->row['product_id'].'#tab=reviews';

						$text .= "\n\n".$language->get('text_new_footer'). "\n";
						$text .= $language->get('text_new_powered');

						$mail = new Mail();
						$mail->protocol = $this->config->get('config_mail_protocol');
						$mail->parameter = $this->config->get('config_mail_parameter');
						$mail->hostname = $this->config->get('config_smtp_host');
						$mail->username = $this->config->get('config_smtp_username');
						$mail->password = $this->config->get('config_smtp_password');
						$mail->port = $this->config->get('config_smtp_port');
						$mail->timeout = $this->config->get('config_smtp_timeout');
						$mail->setTo($review->row['email']);
						$mail->setFrom($this->config->get('config_email'));
						$mail->setSender($this->config->get('config_name'));
						$mail->setSubject(html_entity_decode($subject, ENT_QUOTES, 'UTF-8'));
						$mail->setHtml($this->load->view('mail/review_reply', $data));
						$mail->setText(html_entity_decode($text, ENT_QUOTES, 'UTF-8'));
						$mail->send();
					}
				}
			]]></add>
		</operation>
	</file>

	<file path="catalog/language/ru-ru/product/product.php">
		<operation>
			<search><![CDATA[// Text]]></search>
			<add position="after"><![CDATA[
				$_['entry_subscription_email'] = 'Email для получения ответов:';
				$_['text_reply'] = 'Ответить';
				$_['text_advant'] = 'Достоинства:';
				$_['text_disadvant'] = 'Недостатки:';
			]]></add>
		</operation>
	</file>

	<file path="catalog/language/*/product/product.php">
		<operation>
			<search><![CDATA[// Text]]></search>
			<add position="after"><![CDATA[
				$_['entry_subscription_email'] = 'Email for replies:';
				$_['text_reply'] = 'Reply';
				$_['text_advant'] = 'Advantages:';
				$_['text_disadvant'] = 'Disadvantages:';
			]]></add>
		</operation>
	</file>

	<file path="catalog/controller/product/product.php">
		<operation>
			<search><![CDATA[$data['entry_review'] = $this->language->get('entry_review');]]></search>
			<add position="after"><![CDATA[
				$data['entry_advant'] = $this->language->get('text_advant');
				$data['entry_disadvant'] = $this->language->get('text_disadvant');
				$data['entry_subscription_email'] = $this->language->get('entry_subscription_email');
				if ($this->customer->isLogged()) {
					$data['customer_email'] = $this->customer->getEmail();
				} else {
					$data['customer_email'] = '';
				}
			]]></add>
		</operation>
		<operation>
			<search><![CDATA[$data['text_no_reviews'] = $this->language->get('text_no_reviews');]]></search>
			<add position="after"><![CDATA[
				$data['text_reply'] = $this->language->get('text_reply');
				$data['text_advant'] = $this->language->get('text_advant');
				$data['text_disadvant'] = $this->language->get('text_disadvant');

				// Captcha
				if ($this->config->get($this->config->get('config_captcha') . '_status') && in_array('review', (array)$this->config->get('config_captcha_page'))) {
					$data['captcha'] = $this->load->controller('extension/captcha/' . $this->config->get('config_captcha'));
				} else {
					$data['captcha'] = '';
				}
			]]></add>
		</operation>
		<operation>
			<search><![CDATA[$data['reviews'][] = array(]]></search>
			<add position="before" offset="1"><![CDATA[
				$data['text_login'] = sprintf($this->language->get('text_login'), $this->url->link('account/login', '', true), $this->url->link('account/register', '', true));
				$data['text_note'] = $this->language->get('text_note');
				$data['text_loading'] = $this->language->get('text_loading');
				$data['entry_review'] = $this->language->get('entry_review');
				$data['entry_name'] = $this->language->get('entry_name');
				$data['button_continue'] = $this->language->get('button_continue');
				$data['text_loading'] = $this->language->get('text_loading');

				if ($this->config->get('config_review_guest') || $this->customer->isLogged()) {
					$data['review_guest'] = true;
				} else {
					$data['review_guest'] = false;
				}
				if ($this->customer->isLogged()) {
					$data['customer_name'] = $this->customer->getFirstName() . '&nbsp;' . $this->customer->getLastName();
				} else {
					$data['customer_name'] = '';
				}

				if(isset($this->request->cookie['rateReview'])){
					$cookie_data = unserialize($this->request->cookie['rateReview']);
				}else{
					$cookie_data = array();
				}
			]]></add>
		</operation>
		<operation>
			<search><![CDATA[$data['reviews'][] = array(]]></search>
			<add position="before"><![CDATA[
				$replies = $this->model_catalog_review->getReviewReplies($result['review_id']);
				foreach($replies as $key => $reply){					$replies[$key]['date_added'] = date($this->language->get('date_format_short'), strtotime($reply['date_added']));				}
			]]></add>
		</operation>
		<operation>
			<search><![CDATA[$data['reviews'][] = array(]]></search>
			<add position="after"><![CDATA[
				'review_id'	 => $result['review_id'],
				'positive'   => (int)$result['positive'],
				'negative'   => (int)$result['negative'],
				'rated'		 => (isset($cookie_data[$result['review_id']]))? $cookie_data[$result['review_id']] : false,
				'advant'	 => $result['advant'],
				'disadvant'  => $result['disadvant'],
				'replies'	 => $replies,
			]]></add>
		</operation>
		<operation>
			<search><![CDATA[public function getRecurringDescription() {]]></search>
			<add position="before"><![CDATA[
				public function rateReview() {
					$this->language->load('product/product');
					$this->load->model('catalog/review');

					$json = array();

					if ($this->request->server['REQUEST_METHOD'] == 'POST') {

						if (!isset($this->request->post['review_id'])) {
							$json['error'] = $this->language->get('error_no_review_id');
						}

						if(!isset($this->request->post['value'])){
							$json['error'] = $this->language->get('error_no_value');
						}else{
							if(isset($this->request->cookie['rateReview'])){
								$cookie_data = unserialize($this->request->cookie['rateReview']);
							}else{
								$cookie_data = array();
							}
							if (isset($cookie_data[(int)$this->request->post['review_id']]) && $cookie_data[(int)$this->request->post['review_id']] == (int)$this->request->post['value']) {
								$json['error'] = $this->language->get('error_already_rated');
							}
							if (isset($cookie_data[(int)$this->request->post['review_id']]) && $cookie_data[(int)$this->request->post['review_id']] != (int)$this->request->post['value']) {
								$this->request->post['changed'] = true;
								$json['changed'] = true;
							}
						}

						if (!isset($json['error'])) {
							$this->model_catalog_review->rateReview((int)$this->request->post['review_id'], $this->request->post);
							$cookie_data[(int)$this->request->post['review_id']] = (int)$this->request->post['value'];
							setcookie('rateReview', serialize($cookie_data), time() + 60 * 60 * 24 * 30 * 12, '/', $this->request->server['HTTP_HOST']);

							$json['success'] = true;
						}
					}

					$this->response->setOutput(json_encode($json));
				}

				public function writeReply() {
					$this->language->load('product/product');

					$json = array();

					if ($this->request->server['REQUEST_METHOD'] == 'POST') {
						if ((utf8_strlen($this->request->post['name']) < 3) || (utf8_strlen($this->request->post['name']) > 25)) {
							$json['error'] = $this->language->get('error_name');
						}

						if ((utf8_strlen($this->request->post['text']) < 25) || (utf8_strlen($this->request->post['text']) > 1000)) {
							$json['error'] = $this->language->get('error_text');
						}

						// Captcha
						if ($this->config->get($this->config->get('config_captcha') . '_status') && in_array('review', (array)$this->config->get('config_captcha_page'))) {
							$captcha = $this->load->controller('extension/captcha/' . $this->config->get('config_captcha') . '/validate');

							if ($captcha) {
								$json['error'] = $captcha;
							}
						}

						if (!isset($json['error'])) {							$this->load->model('catalog/review');

							$this->model_catalog_review->addReviewReply($this->request->get['review_id'], $this->request->post);

							$json['success'] = $this->language->get('text_success');
						}
					}

					$this->response->setOutput(json_encode($json));
				}
			]]></add>
		</operation>
	</file>

	<file path="catalog/view/theme/*/template/product/product.tpl">
		<operation>
			<search><![CDATA[<div class="tab-pane" id="tab-review">]]></search>
			<add position="replace" offset="3"><![CDATA[
				<div class="tab-pane" id="tab-review">
				<div id="review"></div>
				<form class="form-horizontal" id="form-review">
			]]></add>
		</operation>

		<operation>
			<search><![CDATA[<label class="control-label"><?php echo $entry_rating; ?></label>]]></search>
			<add position="before" offset="2"><![CDATA[
				<div class="form-group">
                  <div class="col-sm-12">
                    <label class="control-label" for="input-advant"><?php echo $entry_advant; ?></label>
                    <input type="text" name="advant" value="" id="input-advant" class="form-control" />
                  </div>
                </div>
				<div class="form-group">
                  <div class="col-sm-12">
                    <label class="control-label" for="input-disadvant"><?php echo $entry_disadvant; ?></label>
                    <input type="text" name="disadvant" value="" id="input-disadvant" class="form-control" />
                  </div>
                </div>
				<div class="form-group">
                  <div class="col-sm-12">
                    <label class="control-label" for="input-email"><?php echo $entry_subscription_email; ?></label>
                    <input type="text" name="email" value="<?php echo $customer_email; ?>" id="input-email" class="form-control" />
                  </div>
                </div>
			]]></add>
		</operation>
		<operation>
			<search><![CDATA[$('#review').delegate('.pagination a', 'click', function(e) {]]></search>
			<add position="before"><![CDATA[
				$(document).on('click', '#tab-review .dropdown-menu', function (e) {
					e.stopPropagation();
				});
				$('#tab-review .rate i').live('click', function() {					var thumb = $(this);
					var value = -1;
					if($(this).hasClass("fa-thumbs-up")){
						value = 1;
					}

					var review_id = parseInt($(this).attr("data-review_id"));
					var current_val_pos = parseInt($('#tab-review .rate i.fa-thumbs-up[data-review_id="'+review_id+'"]').html());
					var current_val_neg = parseInt($('#tab-review .rate i.fa-thumbs-down[data-review_id="'+review_id+'"]').html());

					$.ajax({
						url: 'index.php?route=product/product/rateReview',
						type: 'post',
						dataType: 'json',
						data: 'review_id=' + encodeURIComponent(review_id) + '&value=' + parseInt(value),
						beforeSend: function() {
							$(thumb).attr('disabled', true);
						},
						complete: function() {
							$(thumb).attr('disabled', false);
						},
						success: function(json) {							console.log("test");
							if(json['success']){								console.log("test2");
								$('#tab-review .rate i[data-review_id="'+review_id+'"]').removeClass("active");
								if(value > 0){									console.log("test3");
									$('#tab-review .rate i.fa-thumbs-up[data-review_id="'+review_id+'"]').addClass("active").html(current_val_pos+1);
									if(json['changed']){
										$('#tab-review .rate i.fa-thumbs-down[data-review_id="'+review_id+'"]').html(current_val_neg-1);
									}
								}else{
									$('#tab-review .rate i.fa-thumbs-down[data-review_id="'+review_id+'"]').addClass("active").html(current_val_neg+1);
									if(json['changed']){
										$('#tab-review .rate i.fa-thumbs-up[data-review_id="'+review_id+'"]').html(current_val_pos-1);
									}
								}
							}
						},
						error: function(){						}
					});
				});
				$('.button-reply').live('click', function() {					var element = $(this);					var reply_id = parseInt($(this).attr("data-review-id"));
					$.ajax({
						url: 'index.php?route=product/product/writeReply&review_id='+encodeURIComponent(reply_id),
						type: 'post',
						dataType: 'json',
						data: $("#form-review-reply-"+reply_id).serialize(),
						beforeSend: function() {
							$(element).button('loading');
						},
						complete: function() {
							$(element).button('reset');
						},
						success: function(json) {							console.log(json);
							$('.alert-success, .alert-danger').remove();

							if (json['error']) {
								$('#reply-result-'+reply_id).after('<div class="alert alert-danger"><i class="fa fa-exclamation-circle"></i> ' + json['error'] + '</div>');
							}

							if (json['success']) {
								$('#reply-result-'+reply_id).html('<div class="alert alert-success"><i class="fa fa-check-circle"></i> ' + json['success'] + '</div>');

								$('#form-review-reply-'+reply_id+' input[name=\'name\']').val('');
								$('#form-review-reply-'+reply_id+' textarea[name=\'text\']').val('');
							}
						}
					});
				});
			]]></add>
		</operation>
	</file>

	<file path="catalog/view/theme/*/template/product/review.tpl">
		<operation>
			<search><![CDATA[<p><?php echo $review['text']; ?></p>]]></search>
			<add position="after"><![CDATA[
				<div class="advantdis">
					<?php if($review['advant'] != ''){ ?><p><b><?php echo $text_advant; ?></b> <?php echo $review['advant']; ?></p><?php } ?>
					<?php if($review['disadvant'] != ''){ ?><p><b><?php echo $text_disadvant; ?></b> <?php echo $review['disadvant']; ?></p><?php } ?>
				</div>
			]]></add>
		</operation>
		<operation>
			<search><![CDATA[<?php } ?></td>]]></search>
			<add position="replace"><![CDATA[
			<?php } ?>
				<div class="extended-reviews">
					<div class="dropdown pull-left">
						<button type="button" data-toggle="dropdown" data-loading-text="<?php echo $text_loading; ?>" class="btn btn-primary dropdown-toggle"><i class="fa fa-reply"></i> <?php echo $text_reply; ?></button>
						<div class="dropdown-menu reply-dropdown" style="padding: 15px; padding-bottom: 10px;">
			              <form class="form-horizontal" id="form-review-reply-<?php echo $review['review_id']; ?>">
							<?php if ($review_guest) { ?>
			                <div class="form-group required">
			                  <div class="col-sm-12">
			                    <label class="control-label" for="input-name"><?php echo $entry_name; ?></label>
			                    <input type="text" name="name" value="<?php echo $customer_name; ?>" id="input-name" class="form-control" />
			                  </div>
			                </div>
			                <div class="form-group required">
			                  <div class="col-sm-12">
			                    <label class="control-label" for="input-review-reply"><?php echo $entry_review; ?></label>
			                    <textarea name="text" rows="5" id="input-review-reply" class="form-control"></textarea>
			                  </div>
			                </div>
			                <?php echo $captcha; ?>
			                <div id="reply-result-<?php echo $review['review_id']; ?>"></div>
			                <div class="buttons clearfix">
			                  <div class="pull-right">
			                    <button type="button" data-loading-text="<?php echo $text_loading; ?>" data-review-id="<?php echo $review['review_id']; ?>" class="btn btn-primary button-reply"><?php echo $button_continue; ?></button>
			                  </div>
			                </div>
							 <?php } else { ?>
			                <?php echo $text_login; ?>
			                <?php } ?>
			              </form>
						</div>
					</div>
					<div class="rate pull-right">
						<i class="fa fa-thumbs-up <?php if($review['rated'] == 1) echo "active"; ?>" data-review_id="<?php echo $review['review_id']; ?>"><?php echo $review['positive']; ?></i>
						<i class="fa fa-thumbs-down <?php if($review['rated'] == -1) echo "active"; ?>" data-review_id="<?php echo $review['review_id']; ?>"><?php echo $review['negative']; ?></i>
					</div>
				</div>
			</td>
			]]></add>
		</operation>
		<operation>
			<search><![CDATA[</table>]]></search>
			<add position="after"><![CDATA[
				<?php foreach ($review['replies'] as $reply) { ?>
				<table class="table table-striped table-bordered replies" style="width:80%;margin-left:20%;">
					<tr>
						<td style="width: 50%;"><strong><?php echo $reply['author']; ?></strong></td>
					    <td class="text-right"><?php echo $reply['date_added']; ?></td>
					</tr>
					<tr>
						<td colspan="2"><p><?php echo $reply['text']; ?></p></td>
					</tr>
				</table>
				<?php } ?>
			]]></add>
		</operation>
	</file>

</modification>