<?xml version="1.0" encoding="UTF-8"?>
<modification>
	<name>Product as option Opencart 2.3</name>
	<version>1.0</version>
	<link>https://nikita-sp.com.ua/</link>
	<code>pao-nsp</code>
	<author>Nikita Spivak</author>

	<file path="admin/controller/common/column_left.php">
		<operation>
			<search><![CDATA[// Attributes]]></search>
			<add position="before"><![CDATA[
			if ($this->user->hasPermission('access', 'catalog/product_field')) {
				$catalog[] = array(
					'name'	   => $this->language->get('text_product_field'),
					'href'     => $this->url->link('catalog/product_field', 'token=' . $this->session->data['token'], true),
					'children' => array()
				);
			}
			]]></add>
		</operation>
	</file>

	<file path="admin/language/ru-ru/common/column_left.php">
		<operation>
			<search><![CDATA[// Text]]></search>
			<add position="after"><![CDATA[$_['text_product_field'] = 'Поля продуктов';]]></add>
		</operation>
	</file>

	<file path="admin/language/*/common/column_left.php">
		<operation>
			<search><![CDATA[// Text]]></search>
			<add position="after"><![CDATA[$_['text_product_field'] = 'Product fields';]]></add>
		</operation>
	</file>

	<file path="admin/controller/catalog/product.php">
		<operation>
			<search><![CDATA['quantity'   => $result['quantity'],]]></search>
			<add position="after"><![CDATA[
				'main_product'   => $result['main_product'],
			]]></add>
		</operation>
		<operation>
			<search><![CDATA[$data['column_image'] = $this->language->get('column_image');]]></search>
			<add position="after"><![CDATA[
				$data['column_product_id'] = 'Product_id';
				$data['column_main_product'] = 'Main product';
			]]></add>
		</operation>
		<operation>
			<search><![CDATA[$data['entry_minimum'] = $this->language->get('entry_minimum');]]></search>
			<add position="after"><![CDATA[
				$data['entry_main_product'] = $this->language->get('entry_main_product');
				$data['entry_product_field'] = $this->language->get('entry_product_field');
				$data['entry_product_field_text'] = $this->language->get('entry_product_field_text');
				$data['entry_product_field_value'] = $this->language->get('entry_product_field_value');
				$data['button_add_product_field'] = $this->language->get('button_add_product_field');
				$data['tab_product_field'] = $this->language->get('tab_product_field');
			]]></add>
		</operation>
		<operation>
			<search><![CDATA[// Options]]></search>
			<add position="before"><![CDATA[
				// Product fields
				$this->load->model('catalog/product_field');

				if (isset($this->request->post['product_field'])) {
					$product_fields = $this->request->post['product_field'];
				} elseif (isset($this->request->get['product_id'])) {
					$product_fields = $this->model_catalog_product->getProductFields($this->request->get['product_id']);
				} else {
					$product_fields = array();
				}

				$data['product_fields'] = array();

				foreach ($product_fields as $product_field) {
					$product_field_info = $this->model_catalog_product_field->getProductField($product_field['product_field_id']);

					if ($product_field_info) {
						$data['product_fields'][] = array(
							'product_field_id' => $product_field['product_field_id'],
							'name' => $product_field_info['name'],
							'product_field_description' => $product_field['product_field_description']
						);
					}
				}
			]]></add>
		</operation>
		<operation>
			<search><![CDATA[if (isset($this->request->post['minimum'])) {]]></search>
			<add position="before"><![CDATA[
				if (isset($this->request->post['main_product'])) {
			      	$data['main_product'] = $this->request->post['main_product'];
				} elseif (!empty($product_info)) {
					$data['main_product'] = $product_info['main_product'];
		    	} else {
		      		$data['main_product'] = 0;
		    	}
			]]></add>
		</operation>
	</file>

	<file path="admin/view/template/catalog/product_list.tpl">
		<operation>
			<search><![CDATA[<td class="text-center"><?php echo $column_image; ?></td>]]></search>
			<add position="after"><![CDATA[
	              <td class="text-center"><?php echo $column_product_id; ?></td>
	              <td class="text-center"><?php echo $column_main_product; ?></td>
			]]></add>
		</operation>
		<operation>
			<search><![CDATA[<td class="text-left"><?php echo $product['name']; ?></td>]]></search>
			<add position="before"><![CDATA[
	              <td class="text-left"><?php echo $product['product_id']; ?></td>
	              <td class="text-left"><?php echo $product['main_product']; ?></td>
			]]></add>
		</operation>
	</file>

	<file path="admin/language/*/catalog/product.php">
		<operation>
			<search><![CDATA[// Entry]]></search>
			<add position="after"><![CDATA[
				$_['entry_main_product']             = 'Main product';
				$_['entry_product_field']            = 'Product field';
				$_['entry_product_field_value']            = 'Product field value';
				$_['entry_product_field_text']            = 'Product field text';
				$_['tab_product_field']              = 'Product fields';
			]]></add>
		</operation>
	</file>

	<file path="admin/model/catalog/product.php">
		<operation>
			<search><![CDATA[minimum = '" . (int)$data['minimum'] . "',]]></search>
			<add position="replace"><![CDATA[minimum = '" . (int)$data['minimum'] . "', main_product = '" . (int)$data['main_product'] . "',]]></add>
		</operation>
		<operation>
			<search><![CDATA[public function getTotalProductsByLayoutId($layout_id) {]]></search>
			<add position="before"><![CDATA[
				public function getProductFields($product_id) {
					$product_field_data = array();

					$product_field_query = $this->db->query("SELECT product_field_id FROM " . DB_PREFIX . "product_field_value WHERE product_id = '" . (int)$product_id . "' GROUP BY product_field_id");

					foreach ($product_field_query->rows as $product_field) {
						$product_field_description_data = array();

						$product_field_description_query = $this->db->query("SELECT * FROM " . DB_PREFIX . "product_field_value WHERE product_id = '" . (int)$product_id . "' AND product_field_id = '" . (int)$product_field['product_field_id'] . "'");

						foreach ($product_field_description_query->rows as $product_field_description) {
							$product_field_description_data[$product_field_description['language_id']] = array('value' => $product_field_description['value'],
																												'text' => $product_field_description['text']
																										);
						}

						$product_field_data[] = array(
							'product_field_id'                  => $product_field['product_field_id'],
							'product_field_description' => $product_field_description_data
						);
					}

					return $product_field_data;
				}
			]]></add>
		</operation>
		<operation>
			<search><![CDATA[if (isset($data['image'])) {]]></search>
			<add position="before"><![CDATA[
				$this->db->query("DELETE FROM " . DB_PREFIX . "product_field_value WHERE product_id = '" . (int)$product_id . "'");

				if (isset($data['product_field'])) {
					foreach ($data['product_field'] as $product_field) {
						if ($product_field['product_field_id']) {
							foreach ($product_field['product_field_description'] as $language_id => $product_field_description) {
								$this->db->query("INSERT INTO " . DB_PREFIX . "product_field_value SET product_id = '" . (int)$product_id . "', product_field_id = '" . (int)$product_field['product_field_id'] . "', language_id = '" . (int)$language_id . "', value = '" .  $this->db->escape($product_field_description['value']) . "', text = '" .  $this->db->escape($product_field_description['text']) . "'");
							}
						}
					}
				}
			]]></add>
		</operation>
		<operation>
			<search><![CDATA[$data['product_attribute'] = $this->getProductAttributes($product_id);]]></search>
			<add position="before"><![CDATA[
				$data['product_field'] = $this->getProductFields($product_id);
			]]></add>
		</operation>
		<operation>
			<search><![CDATA[$this->db->query("DELETE FROM " . DB_PREFIX . "product WHERE product_id = '" . (int)$product_id . "'");]]></search>
			<add position="after"><![CDATA[
				$this->db->query("DELETE FROM " . DB_PREFIX . "product_field_value WHERE product_id = '" . (int)$product_id . "'");
			]]></add>
		</operation>
	</file>

	<file path="admin/view/template/catalog/product_form.tpl">
		<operation>
			<search><![CDATA[<div class="tab-pane" id="tab-links">]]></search>
			<add position="after"><![CDATA[
	              <div class="form-group">
	                <label class="col-sm-2 control-label" for="input-main_product"><span data-toggle="tooltip" title="<?php echo $entry_main_product; ?>"><?php echo $entry_main_product; ?></span></label>
	                <div class="col-sm-6"><input type="text" name="main_product_name" value="" placeholder="<?php echo $entry_main_product; ?>" id="input-main_product_name" class="form-control" /></div>
	                <div class="col-sm-4"><input type="number" name="main_product" value="<?php echo $main_product; ?>" placeholder="<?php echo $entry_main_product; ?>" id="input-main_product" class="form-control" /></div>
	              </div>
			]]></add>
		</operation>
		<operation>
			<search><![CDATA[<li><a href="#tab-attribute" data-toggle="tab"><?php echo $tab_attribute; ?></a></li>]]></search>
			<add position="before"><![CDATA[
				<li><a href="#tab-product_field" data-toggle="tab"><?php echo $tab_product_field; ?></a></li>
			]]></add>
		</operation>
		<operation>
			<search><![CDATA[<div class="tab-pane" id="tab-attribute">]]></search>
			<add position="before"><![CDATA[
				<div class="tab-pane" id="tab-product_field">
	              <div class="table-responsive">
	                <table id="product_field" class="table table-striped table-bordered table-hover">
	                  <thead>
	                    <tr>
	                      <td class="text-left"><?php echo $entry_product_field; ?></td>
	                      <td class="text-left" colspan="2"><?php echo $entry_text; ?></td>
	                      <td></td>
	                    </tr>
	                  </thead>
	                  <tbody>
	                    <?php $product_field_row = 0; ?>
	                    <?php foreach ($product_fields as $product_field) { ?>
	                    <tr id="product_field-row<?php echo $product_field_row; ?>">
	                      <td class="text-left" style="width: 40%;"><input type="text" name="product_field[<?php echo $product_field_row; ?>][name]" value="<?php echo $product_field['name']; ?>" placeholder="<?php echo $entry_product_field; ?>" class="form-control" />
	                        <input type="hidden" name="product_field[<?php echo $product_field_row; ?>][product_field_id]" value="<?php echo $product_field['product_field_id']; ?>" /></td>
	                      <td class="text-left"><?php foreach ($languages as $language) { ?>
	                        <div class="input-group"><span class="input-group-addon"><img src="language/<?php echo $language['code']; ?>/<?php echo $language['code']; ?>.png" title="<?php echo $language['name']; ?>" /></span>
	                          <textarea name="product_field[<?php echo $product_field_row; ?>][product_field_description][<?php echo $language['language_id']; ?>][value]" rows="5" placeholder="<?php echo $entry_product_field_value; ?>" class="form-control"><?php echo isset($product_field['product_field_description'][$language['language_id']]) ? $product_field['product_field_description'][$language['language_id']]['value'] : ''; ?></textarea>
	                        </div>
	                        <?php } ?></td>
	                      <td class="text-left"><?php foreach ($languages as $language) { ?>
	                        <div class="input-group"><span class="input-group-addon"><img src="language/<?php echo $language['code']; ?>/<?php echo $language['code']; ?>.png" title="<?php echo $language['name']; ?>" /></span>
	                          <textarea name="product_field[<?php echo $product_field_row; ?>][product_field_description][<?php echo $language['language_id']; ?>][text]" rows="5" placeholder="<?php echo $entry_product_field_text; ?>" class="form-control"><?php echo isset($product_field['product_field_description'][$language['language_id']]) ? $product_field['product_field_description'][$language['language_id']]['text'] : ''; ?></textarea>
	                        </div>
	                        <?php } ?></td>
	                      <td class="text-left"><button type="button" onclick="$('#product_field-row<?php echo $product_field_row; ?>').remove();" data-toggle="tooltip" title="<?php echo $button_remove; ?>" class="btn btn-danger"><i class="fa fa-minus-circle"></i></button></td>
	                    </tr>
	                    <?php $product_field_row++; ?>
	                    <?php } ?>
	                  </tbody>
	                  <tfoot>
	                    <tr>
	                      <td colspan="3"></td>
	                      <td class="text-left"><button type="button" onclick="addProductField();" data-toggle="tooltip" title="<?php echo $button_add_product_field; ?>" class="btn btn-primary"><i class="fa fa-plus-circle"></i></button></td>
	                    </tr>
	                  </tfoot>
	                </table>
	              </div>
	            </div>
			]]></add>
		</operation>
		<operation>
			<search><![CDATA[var attribute_row = <?php echo $attribute_row; ?>;]]></search>
			<add position="before"><![CDATA[
			var product_field_row = <?php echo $product_field_row; ?>;

			function addProductField() {
			    html  = '<tr id="product_field-row' + product_field_row + '">';
				html += '  <td class="text-left" style="width: 20%;"><input type="text" name="product_field[' + product_field_row + '][name]" value="" placeholder="<?php echo $entry_product_field; ?>" class="form-control" /><input type="hidden" name="product_field[' + product_field_row + '][product_field_id]" value="" /></td>';
				html += '  <td class="text-left">';
				<?php foreach ($languages as $language) { ?>
				html += '<div class="input-group"><span class="input-group-addon"><img src="language/<?php echo $language['code']; ?>/<?php echo $language['code']; ?>.png" title="<?php echo $language['name']; ?>" /></span><textarea name="product_field[' + product_field_row + '][product_field_description][<?php echo $language['language_id']; ?>][value]" rows="5" placeholder="<?php echo $entry_product_field_value; ?>" class="form-control"></textarea></div>';
			    <?php } ?>
				html += '  </td>';
				html += '  <td class="text-left">';
				<?php foreach ($languages as $language) { ?>
				html += '<div class="input-group"><span class="input-group-addon"><img src="language/<?php echo $language['code']; ?>/<?php echo $language['code']; ?>.png" title="<?php echo $language['name']; ?>" /></span><textarea name="product_field[' + product_field_row + '][product_field_description][<?php echo $language['language_id']; ?>][text]" rows="5" placeholder="<?php echo $entry_product_field_text; ?>" class="form-control"></textarea></div>';
			    <?php } ?>
				html += '  </td>';
				html += '  <td class="text-left"><button type="button" onclick="$(\'#product_field-row' + product_field_row + '\').remove();" data-toggle="tooltip" title="<?php echo $button_remove; ?>" class="btn btn-danger"><i class="fa fa-minus-circle"></i></button></td>';
			    html += '</tr>';

				$('#product_field tbody').append(html);

				product_fieldautocomplete(product_field_row);

				product_field_row++;
			}

			function product_fieldautocomplete(product_field_row) {
				$('input[name=\'product_field[' + product_field_row + '][name]\']').autocomplete({
					'source': function(request, response) {
						$.ajax({
							url: 'index.php?route=catalog/product_field/autocomplete&token=<?php echo $token; ?>&filter_name=' +  encodeURIComponent(request),
							dataType: 'json',
							success: function(json) {
								response($.map(json, function(item) {
									return {
										label: item.name,
										value: item.product_field_id
									}
								}));
							}
						});
					},
					'select': function(item) {
						$('input[name=\'product_field[' + product_field_row + '][name]\']').val(item['label']);
						$('input[name=\'product_field[' + product_field_row + '][product_field_id]\']').val(item['value']);
					}
				});
			}

			$('#product_field tbody tr').each(function(index, element) {
				product_fieldautocomplete(index);
			});
			]]></add>
		</operation>

		<operation>
			<search><![CDATA[// Manufacturer]]></search>
			<add position="before"><![CDATA[
				// MAIN PRODUCT
				$('input[name=\'main_product_name\']').autocomplete({
					'source': function(request, response) {
						$.ajax({
							url: 'index.php?route=catalog/product/autocomplete&token=<?php echo $token; ?>&filter_name=' +  encodeURIComponent(request),
							dataType: 'json',
							success: function(json) {
								json.unshift({
									product_id: 0,
									name: '<?php echo $text_none; ?>'
								});

								response($.map(json, function(item) {
									return {
										label: item['name'],
										value: item['product_id']
									}
								}));
							}
						});
					},
					'select': function(item) {
						$('input[name=\'main_product_name\']').val(item['label']);
						$('input[name=\'main_product\']').val(item['value']);
					}
				});
			]]></add>
		</operation>
	</file>

	<file path="catalog/model/catalog/product.php">
		<operation>
			<search><![CDATA['product_id'       => $query->row['product_id'],]]></search>
			<add position="after"><![CDATA[
				'main_product'       => $query->row['main_product'],
			]]></add>
		</operation>
		<operation>
			<search><![CDATA[if (!empty($data['filter_manufacturer_id'])) {]]></search>
			<add position="before"><![CDATA[
				$sql .= " AND p.main_product <= '0'";
			]]></add>
		</operation>
		<operation>
			<search><![CDATA[public function getTotalProductSpecials() {]]></search>
			<add position="before"><![CDATA[
			public function getProductFields($product_id) {
				$product_field_data = array();

				$productOptions = array();
				$productOptionsData = $this->getProductsProductOptions($product_id);
				foreach($productOptionsData as $product_id => $productOption){
					$productOptions[] = $product_id;
				}

				if(count($productOptions) > 0){
					$product_field_query = $this->db->query("SELECT pf.product_field_id, pf.isselect, pf.format_string, pfd.name, pfv.text, pfv.value, pfv.product_id FROM " . DB_PREFIX . "product_field_value pfv LEFT JOIN " . DB_PREFIX . "product_field pf ON (pfv.product_field_id = pf.product_field_id) LEFT JOIN " . DB_PREFIX . "product_field_description pfd ON (pf.product_field_id = pfd.product_field_id) WHERE pfv.product_id IN (" . implode(",", $productOptions) . ") AND pfd.language_id = '" . (int)$this->config->get('config_language_id') . "' AND pfv.language_id = '" . (int)$this->config->get('config_language_id') . "' ORDER BY pf.sort_order, pfd.name");

					foreach ($product_field_query->rows as $product_field) {
						$product_field_data[$product_field['product_field_id']]['name'] = $product_field['name'];
						$product_field_data[$product_field['product_field_id']]['isselect'] = $product_field['isselect'];
						$product_field_data[$product_field['product_field_id']]['format_string'] = $product_field['format_string'];
						$product_field_data[$product_field['product_field_id']]['values'][json_encode($product_field['value'])][] = $product_field['product_id'];
						$product_field_data[$product_field['product_field_id']]['text'][json_encode($product_field['value'])] = $product_field['text'];
					}
				}
				return $product_field_data;
			}

			public function getProductsProductOptions($product_id) {
				$product_data = array();

				$query = $this->db->query("SELECT p.product_id FROM " . DB_PREFIX . "product p LEFT JOIN " . DB_PREFIX . "product_description pd ON (p.product_id = pd.product_id) LEFT JOIN " . DB_PREFIX . "product_to_store p2s ON (p.product_id = p2s.product_id) WHERE p.main_product = '" . (int)$product_id . "' AND p.status = '1' AND p.date_available <= NOW() AND pd.language_id = '" . (int)$this->config->get('config_language_id') . "' AND p2s.store_id = '" . (int)$this->config->get('config_store_id') . "' ORDER BY p.sort_order, pd.name");

				foreach ($query->rows as $result) {
					$product_data[$result['product_id']] = $this->getProduct($result['product_id']);
				}

				return $product_data;
			}
			]]></add>
		</operation>
	</file>

	<file path="catalog/controller/product/category.php|catalog/controller/product/manufacturer.php|catalog/controller/product/search.php|catalog/controller/product/special.php">
		<operation>
			<search><![CDATA[$data['products'][] = array(]]></search>
			<add position="before"><![CDATA[
				/* PRODUCT AS OPTIONS */
				$data['text_select'] = $this->language->get('text_select');
				$product_fields = $this->model_catalog_product->getProductFields($result['product_id']);
				$product_options = $this->model_catalog_product->getProductsProductOptions($result['product_id']);
				$min_price = 0;
				$product_options_default_id = 0;
				foreach($product_options as $key => $product_option){
					$data['product_fields'] = true;

					if ($product_option['image']) {
						$product_options[$key]['thumb'] = $this->model_tool_image->resize($product_option['image'], $this->config->get($this->config->get('config_theme') . '_image_product_width'), $this->config->get($this->config->get('config_theme') . '_image_product_height'));
					}else{
						$product_options[$key]['thumb'] = false;
					}

					if ($this->customer->isLogged() || !$this->config->get('config_customer_price')) {
						$product_options[$key]['price'] = $this->currency->format($this->tax->calculate($product_option['price'], $result['tax_class_id'], $this->config->get('config_tax')), $this->session->data['currency']);
						if ((float)$product_option['special']) {
							$product_options[$key]['special'] = $this->currency->format($this->tax->calculate($product_option['special'], $result['tax_class_id'], $this->config->get('config_tax')), $this->session->data['currency']);
						}else{
							$product_options[$key]['special'] = false;
						}
					}else{
						$product_options[$key]['price'] = false;
						$product_options[$key]['special'] = false;
					}

					if($min_price == 0 || $product_option['price'] < $min_price){
						$min_price = $product_option['price'];
						$product_options_default_id = $product_option['product_id'];
					}

					if(((float)$product_option['special']) && ($min_price == 0 || $product_option['special'] < $min_price)){
						$min_price = $product_option['special'];
						$product_options_default_id = $product_option['product_id'];
					}
				}
				/* END PRODUCT AS OPTIONS */
			]]></add>
		</operation>
		<operation>
			<search><![CDATA['product_id'  => $result['product_id'],]]></search>
			<add position="after"><![CDATA[
				'product_fields' => $product_fields,
				'product_options' => $product_options,
				'product_options_default_id' => $product_options_default_id,
			]]></add>
		</operation>
	</file>

	<file path="catalog/view/theme/*/template/product/category.tpl|catalog/view/theme/*/template/product/manufacturer_info.tpl|catalog/view/theme/*/template/product/search.tpl|catalog/view/theme/*/template/product/special.tpl">
		<operation>
			<search index="0"><![CDATA[<p class="price">]]></search>
			<add position="before" offset="1"><![CDATA[
				<?php if(count($product['product_fields']) > 0){ ?>
				<div class="product_fields">
					<?php foreach($product['product_fields'] as $key => $product_field){ ?>
					<div class="product_field row product_field-<?php echo $product['product_id']; ?>">
						<div class="product_field_name col-xs-12 col-sm-6"><?php echo $product_field['name']; ?></div>
						<div class="product_field_value col-xs-12 col-sm-6">
							<?php if($product_field['isselect']){ ?>
							<select class="product_field_options product_field_key-<?php echo $key; ?>" data-product-field-key="<?php echo $key; ?>" data-product-id="<?php echo $product['product_id']; ?>">
								<option data-products="0"><?php echo $text_select; ?></option>
								<?php foreach($product_field['values'] as $value => $product_field_products){ ?>
								<option data-products="<?php echo implode(",", $product_field_products); ?>"><?php echo $product_field['text'][$value]; ?></option>
								<?php } ?>
							</select>
							<?php }else{ ?>
								<div class="product_field_options_container">
									<?php $i = 0; ?>
									<?php foreach($product_field['values'] as $value => $product_field_products){ ?>
										<input name="product_field_value-<?php echo $key; ?>" type="radio" id="product_field_value-<?php echo $product['product_id']; ?>-<?php echo $key; ?>-<?php echo $i; ?>" class="product_field_options product_field_key-<?php echo $key; ?>" data-product-field-key="<?php echo $key; ?>" data-product-id="<?php echo $product['product_id']; ?>" data-products="<?php echo implode(",", $product_field_products); ?>">
										<label for="product_field_value-<?php echo $product['product_id']; ?>-<?php echo $key; ?>-<?php echo $i; ?>">
										<?php
										$product_field_replace = array(
											"%field_value%" => json_decode($value),
											"%field_text%" => $product_field['text'][$value],
										);
										echo html_entity_decode(strtr($product_field['format_string'], $product_field_replace)); ?>
										</label>
										<?php $i++; ?>
									<?php } ?>
								</div>
							<?php } ?>
						</div>
					</div>
					<?php } ?>
					<?php if(count($product['product_fields']) > 1){ ?>
					<div class="product_fields_reset row">
						<button onClick="setProductFieldsData(<?php echo $product['product_id']; ?>, 1)">Reset</button>
					</div>
					<?php } ?>
				</div>
				<?php } ?>
			]]></add>
		</operation>
		<operation>
			<search><![CDATA[<?php echo $footer; ?>]]></search>
			<add position="before"><![CDATA[
				<?php if(isset($product_fields)){ ?>
				<script type="text/javascript">
				var product_option_product_id = false;
				var product_option_thumb = {
					<?php foreach($products as $product){?>
						<?php echo $product['product_id'];?>:{
							<?php echo $product['product_id']; ?>: "<?php echo $product['thumb']; ?>",
							<?php foreach($product['product_options'] as $product_option){?>
							<?php echo $product_option['product_id'].":\"".$product_option['thumb']."\""; ?>,
							<?php } ?>
						},
					<?php } ?>
				};

				var product_option_price = {
					<?php foreach($products as $product){?>
						<?php echo $product['product_id'];?>:{
							<?php echo $product['product_id']; ?>: "<?php echo $product['price']; ?>",
							<?php foreach($product['product_options'] as $product_option){?>
							<?php echo $product_option['product_id'].":\"".$product_option['price']."\""; ?>,
							<?php } ?>
						},
					<?php } ?>
				};

				var product_option_special = {
					<?php foreach($products as $product){?>
						<?php echo $product['product_id'];?>:{
							<?php if($product['special']){ ?>
							<?php echo $product['product_id']; ?>: "<?php echo $product['special']; ?>",
							<?php }else{ ?>
							<?php echo $product['product_id']; ?>: false,
							<?php } ?>

							<?php foreach($product['product_options'] as $product_option){?>
								<?php if($product_option['special']){ ?>
									<?php echo $product_option['product_id'].":\"".$product_option['special']."\""; ?>,
								<?php }else{ ?>
									<?php echo $product_option['product_id'].":false"; ?>,
								<?php } ?>
							<?php } ?>
						},
					<?php } ?>
				};

				jQuery(document).ready(function($){
					$(".product_field_options").on("change", function(e){
						product_option_product_id = $(this).attr("data-product-id");
						var available_select_options = getAvailableProductVariants();

						// Disable all other variants we have not with this parameter
						$(".product_field-"+product_option_product_id+" select.product_field_options:not(.product_field_key-"+$(this).attr("data-product-field-key")+") option, .product_field-"+product_option_product_id+" input.product_field_options:not(.product_field_key-"+$(this).attr("data-product-field-key")+")").each(function(){
							if($(this).attr("data-products") != 0){
								available_option = arrayIntersection(parseStringToIntArray($(this).attr("data-products").split(",")), available_select_options);
								if(available_option.length == 0){
									$(this).attr("disabled", true).trigger('refresh');
								}else{
									$(this).attr("disabled", false).trigger('refresh');
								}
							}
						});

						// Change product_id and price to buy if all parameters was set
						if(available_select_options.length == 1){
							// If has not selected selectors - fill them in auto
							$(".product_field-"+product_option_product_id+" select.product_field_options option:selected").each(function(){
								if($(this).attr("data-products") == 0){
									$(this).closest("select").find("option[data-products*='"+available_select_options[0]+"']").prop("selected", true).trigger('refresh');
								}
							});
							// check if is cheked
							var product_field_radios = {
								<?php foreach($products as $product){ ?>
								<?php echo $product['product_id']; ?>: <?php $not_selects = array_keys($product['product_fields']); ?>	[<?php echo implode(",", $not_selects); ?>],
								<?php } ?>
							};
							var checked = false;
							for (var i=0; i < product_field_radios[product_option_product_id].length; i++){
								$(".product_field-"+product_option_product_id+" input.product_field_key-"+product_field_radios[product_option_product_id][i]).each(function(){
									if($(this).is(":checked")){
										checked = true;
									}
								});
								if(!checked){
									$(".product_field-"+product_option_product_id+" input.product_field_key-"+product_field_radios[product_option_product_id][i]+ "[data-products*='"+available_select_options[0]+"']").prop("checked", true).trigger('refresh');
								}
								checked = false;
							}
							setProductFieldsData(available_select_options[0], -1);
						}else{
							setProductFieldsData(product_option_product_id, 0);
						}
					});

					// Auto check first element
					<?php foreach($products as $product){?>
					$(".product_field_options select").find("option[data-products*='<?php echo $product['product_options_default_id']; ?>']").prop("selected", true).trigger('change');
					$("input.product_field_options[data-products*='<?php echo $product['product_options_default_id']; ?>']").prop("checked", true).trigger('change');
					<?php } ?>
				});
				function setProductFieldsData(array_key, reset){
					if(reset == 1){
						product_option_product_id = array_key;
						jQuery(".product_field-"+product_option_product_id).parents("div.product-layout").find('select.product_field_options option').prop('selected', false).attr('disabled', false).trigger('refresh');
						jQuery(".product_field-"+product_option_product_id).parents("div.product-layout").find('select.product_field_options').trigger('refresh');
						jQuery(".product_field-"+product_option_product_id).parents("div.product-layout").find('input.product_field_options').prop('checked', false).attr('disabled', false).trigger('refresh');
					}

					if(product_option_special[product_option_product_id][array_key]){
						$(".product_field-"+product_option_product_id).parents("div.product-layout").find(".price").html('<span class="price-new">'+product_option_special[product_option_product_id][array_key]+'</span>'+'<span class="price-old">'+product_option_price[product_option_product_id][array_key]+'</span>');
					}else{
						$(".product_field-"+product_option_product_id).parents("div.product-layout").find(".price").html(product_option_price[product_option_product_id][array_key]);
					}
					$(".product_field-"+product_option_product_id).parents("div.product-layout").find("div.image > a img").attr("src", product_option_thumb[product_option_product_id][array_key]);

					if(reset >= 0){
						$(".product_field-"+product_option_product_id).parents("div.product-layout").find('.addtocart').addClass('disabled').attr('disabled', true);
					}else{
						$(".product_field-"+product_option_product_id).parents("div.product-layout").find(".addtocart").removeClass("disabled").attr("disabled", false);
					}
					$(".product_field-"+product_option_product_id).parents("div.product-layout").find('.addtocart').attr("onClick", "cart.add('"+array_key+"');");
				}
				function getAvailableProductVariants(){
					var available_product_variants = {
						<?php foreach($products as $product){?>
						<?php echo $product["product_id"]; ?>:	[<?php foreach($product['product_options'] as $product_option){ echo $product_option["product_id"].", "; }?>],
						<?php } ?>
						};

					$(".product_field-"+product_option_product_id+" select.product_field_options option:selected, .product_field-"+product_option_product_id+" input.product_field_options:checked").each(function(){
						if($(this).attr("data-products") != 0){
							available_product_variants[product_option_product_id] = arrayIntersection(parseStringToIntArray($(this).attr("data-products").split(",")), available_product_variants[product_option_product_id]);
						}
					});

					return available_product_variants[product_option_product_id];
				}
				function parseStringToIntArray(array){
					return jQuery.map(array, function(value){
						return parseInt(value, 10);
					});
				}
				function arrayIntersection(array1, array2){
					return array1.filter(function(e){
						return array2.indexOf(e) != -1
					});
				}
				</script>
				<?php } ?>
			]]></add>
		</operation>
	</file>

	<file path="catalog/controller/product/product.php">
		<operation>
			<search><![CDATA[if ($product_info) {]]></search>
			<add position="after"><![CDATA[
				if($product_info['main_product'] > 0){
					$this->response->redirect($this->url->link("product/product", "product_id=".$product_info['main_product']."&product_option=".$product_info['product_id']));
				}
			]]></add>
		</operation>
		<operation>
			<search><![CDATA[$data['options'] = array();]]></search>
			<add position="before"><![CDATA[
				/* PRODUCT AS OPTIONS */
				$data['product_fields'] = $this->model_catalog_product->getProductFields($this->request->get['product_id']);
				$data['product_options'] = $this->model_catalog_product->getProductsProductOptions($this->request->get['product_id']);
				$min_price = 0;
				$product_options_default_id = 0;

				foreach($data['product_options'] as $key => $product_option){
					if ($product_option['image']) {
						$data['product_options'][$key]['thumb'] = $this->model_tool_image->resize($product_option['image'], $this->config->get($this->config->get('config_theme') . '_image_thumb_width'), $this->config->get($this->config->get('config_theme') . '_image_thumb_height'));
						$data['product_options'][$key]['popup'] = $this->model_tool_image->resize($product_option['image'], $this->config->get($this->config->get('config_theme') . '_image_popup_width'), $this->config->get($this->config->get('config_theme') . '_image_popup_height'));
					}else{
						$data['product_options'][$key]['thumb'] = false;
						$data['product_options'][$key]['popup'] = false;
					}
					if ($this->customer->isLogged() || !$this->config->get('config_customer_price')) {
						$data['product_options'][$key]['price'] = $this->currency->format($this->tax->calculate($product_option['price'], $product_info['tax_class_id'], $this->config->get('config_tax')), $this->session->data['currency']);
						if ((float)$product_option['special']) {
							$data['product_options'][$key]['special'] = $this->currency->format($this->tax->calculate($product_option['special'], $product_info['tax_class_id'], $this->config->get('config_tax')), $this->session->data['currency']);
						}else{
							$data['product_options'][$key]['special'] = false;
						}
					}else{
						$data['product_options'][$key]['price'] = false;
						$data['product_options'][$key]['special'] = false;
					}

					if($min_price == 0 || $product_option['price'] < $min_price){
						$min_price = $product_option['price'];
						$data['product_options_default_id'] = $product_option['product_id'];
					}

					if(((float)$product_option['special']) && ($min_price == 0 || $product_option['special'] < $min_price)){
						$min_price = $product_option['special'];
						$data['product_options_default_id'] = $product_option['product_id'];
					}

					if(isset($this->request->get['product_option'])){
						$data['product_options_default_id'] = (int)$this->request->get['product_option'];
					}
				}
				/* END PRODUCT AS OPTIONS */
			]]></add>
		</operation>
	</file>

	<file path="catalog/language/*/product/product.php">
		<operation>
			<search><![CDATA[// Text]]></search>
			<add position="after"><![CDATA[
				$_['text_price_from'] = 'from %s';
			]]></add>
		</operation>
	</file>

	<file path="catalog/view/theme/*/template/product/product.tpl">
		<operation>
			<search><![CDATA[<div id="product">]]></search>
			<add position="before"><![CDATA[
				<?php if(count($product_fields) > 0){ ?>
				<div class="product_fields">
					<?php foreach($product_fields as $key => $product_field){ ?>
					<div class="product_field row">
						<div class="product_field_name col-xs-12 col-sm-6"><?php echo $product_field['name']; ?></div>
						<div class="product_field_value col-xs-12 col-sm-6">
							<?php if($product_field['isselect']){ ?>
							<select class="product_field_options product_field_key-<?php echo $key; ?>" data-product-field-key="<?php echo $key; ?>">
								<option data-products="0"><?php echo $text_select; ?></option>
								<?php foreach($product_field['values'] as $value => $product_field_products){ ?>
								<option data-products="<?php echo implode(",", $product_field_products); ?>"><?php echo $product_field['text'][$value]; ?></option>
								<?php } ?>
							</select>
							<?php }else{ ?>
								<div class="product_field_options_container">
									<?php $i = 0; ?>
									<?php foreach($product_field['values'] as $value => $product_field_products){ ?>
										<input name="product_field_value-<?php echo $key; ?>" type="radio" id="product_field_value-<?php echo $key; ?>-<?php echo $i; ?>" class="product_field_options product_field_key-<?php echo $key; ?>" data-product-field-key="<?php echo $key; ?>" data-products="<?php echo implode(",", $product_field_products); ?>">
										<label for="product_field_value-<?php echo $key; ?>-<?php echo $i; ?>">
										<?php
										$product_field_replace = array(
											"%field_value%" => json_decode($value),
											"%field_text%" => $product_field['text'][$value],
										);
										echo html_entity_decode(strtr($product_field['format_string'], $product_field_replace)); ?>
										</label>
										<?php $i++; ?>
									<?php } ?>
								</div>
							<?php } ?>
						</div>
					</div>
					<?php } ?>
					<?php if(count($product_fields) > 1){ ?>
					<div class="product_fields_reset row">
						<button onClick="setProductFieldsData(<?php echo $product_id; ?>, 1)">Reset</button>
					</div>
					<?php } ?>
					<div class="product_fields_result row">
						<div class="name col-xs-6"><?php echo $heading_title; ?></div>
						<div class="model col-xs-6"><?php echo $model; ?></div>
						<div class="price col-xs-6"><?php echo $price; ?></div>
						<div class="special col-xs-6"><?php echo $special; ?></div>
						<div class="stock col-xs-6"><?php echo $stock; ?></div>
						<div class="thumb col-xs-6"><img src="<?php echo $thumb; ?>" width="100%"></div>
						<div class="popup col-xs-6"><img src="<?php echo $popup; ?>" width="100%"></div>
					</div>
				</div>
				<?php } ?>
			]]></add>
		</operation>
		<operation>
			<search><![CDATA[<?php echo $footer; ?>]]></search>
			<add position="before"><![CDATA[
				<?php if($product_fields){ ?>
				<script type="text/javascript">
				var product_option_name = {
					<?php echo $product_id; ?>: "<?php echo $heading_title; ?>",
					<?php foreach($product_options as $product_option){?>
					<?php echo $product_option['product_id'].":\"".$product_option['name']."\""; ?>,
					<?php } ?>
				};

				var product_option_model = {
					<?php echo $product_id; ?>: "<?php echo $model; ?>",
					<?php foreach($product_options as $product_option){?>
					<?php echo $product_option['product_id'].":\"".$product_option['model']."\""; ?>,
					<?php } ?>
				};

				var product_option_thumb = {
					<?php echo $product_id; ?>: "<?php echo $thumb; ?>",
					<?php foreach($product_options as $product_option){?>
					<?php echo $product_option['product_id'].":\"".$product_option['thumb']."\""; ?>,
					<?php } ?>
				};

				var product_option_popup = {
					<?php echo $product_id; ?>: "<?php echo $thumb; ?>",
					<?php foreach($product_options as $product_option){?>
					<?php echo $product_option['product_id'].":\"".$product_option['popup']."\""; ?>,
					<?php } ?>
				};

				var product_option_price = {
					<?php echo $product_id; ?>: "<?php echo $price; ?>",
					<?php foreach($product_options as $product_option){?>
					<?php echo $product_option['product_id'].":\"".$product_option['price']."\""; ?>,
					<?php } ?>
				};

				var product_option_special = {
					<?php if($special){ ?>
					<?php echo $product_id; ?>: "<?php echo $special; ?>",
					<?php }else{ ?>
					<?php echo $product_id; ?>: false,
					<?php } ?>

					<?php foreach($product_options as $product_option){?>
						<?php if($product_option['special']){ ?>
							<?php echo $product_option['product_id'].":\"".$product_option['special']."\""; ?>,
						<?php }else{ ?>
							<?php echo $product_option['product_id'].":false"; ?>,
						<?php } ?>
					<?php } ?>
				};

				var product_option_stock = {
					<?php echo $product_id; ?>: "<?php echo $stock; ?>",
					<?php foreach($product_options as $product_option){?>
					<?php echo $product_option['product_id'].":\"".( ($product_option['quantity'] <= 0)? $product_option['stock_status'] : $stock )."\""; ?>,
					<?php } ?>
				};

				jQuery(document).ready(function($){
					$(".product_field_options").on("change", function(e){
						var available_select_options = getAvailableProductVariants();

						// Disable all other variants we have not with this parameter
						$("select.product_field_options:not(.product_field_key-"+$(this).attr("data-product-field-key")+") option, input.product_field_options:not(.product_field_key-"+$(this).attr("data-product-field-key")+")").each(function(){
							if($(this).attr("data-products") != 0){
								available_option = arrayIntersection(parseStringToIntArray($(this).attr("data-products").split(",")), available_select_options);
								if(available_option.length == 0){
									$(this).attr("disabled", true).trigger('refresh');
								}else{
									$(this).attr("disabled", false).trigger('refresh');
								}
							}
						});

						// Change product_id and price to buy if all parameters was set
						if(available_select_options.length == 1){
							// If has not selected selectors - fill them in auto
							$("select.product_field_options option:selected").each(function(){
								if($(this).attr("data-products") == 0){
									$(this).closest("select").find("option[data-products*='"+available_select_options[0]+"']").prop("selected", true).trigger('refresh');
								}
							});
							// check if is cheked
							<?php $not_selects = array_keys($product_fields); ?>
							var product_field_radios = [<?php echo implode(",", $not_selects); ?>];
							var checked = false;
							for (var i=0; i < product_field_radios.length; i++){
								$("input.product_field_key-"+product_field_radios[i]).each(function(){
									if($(this).is(":checked")){
										checked = true;
									}
								});
								if(!checked){
									$("input.product_field_key-"+product_field_radios[i]+ "[data-products*='"+available_select_options[0]+"']").prop("checked", true).trigger('refresh');
								}
								checked = false;
							}
							setProductFieldsData(available_select_options[0], -1);
						}else{
							setProductFieldsData(<?php echo $product_id; ?>, 0);
						}
					});




				});
				function setProductFieldsData(array_key, reset){
					if(reset == 1){
						jQuery('select.product_field_options option').prop('selected', false).attr('disabled', false).trigger('refresh');
						jQuery('select.product_field_options').trigger('refresh');
						jQuery('input.product_field_options').prop('checked', false).attr('disabled', false).trigger('refresh');
					}

					$(".product_fields_result .name").html(product_option_name[array_key]);
					if(product_option_special[array_key]){

						$(".product_fields_result .price").html(product_option_price[array_key]);
						$(".product_fields_result .special").html(product_option_special[array_key]);
					}else{
						$(".product_fields_result .price").html(product_option_price[array_key]);
						$(".product_fields_result .special").html("");
					}

					$(".product_fields_result .model").html(product_option_model[array_key]);







					$(".product_fields_result .stock").html(product_option_stock[array_key]);







					$(".product_fields_result .thumb img").attr("src", product_option_thumb[array_key]);

					$(".product_fields_result .popup img").attr("src", product_option_popup[array_key]);


					if(reset >= 0){
						$('#button-cart').addClass('disabled').attr('disabled', true);
					}else{
						$("#button-cart").removeClass("disabled").attr("disabled", false);
					}
					$('input[type="hidden"][name="product_id"]').val(array_key);
				}
				function getAvailableProductVariants(){
					var available_product_variants = [<?php foreach($product_options as $product_option){ echo $product_option["product_id"].", "; }?>];

					$("select.product_field_options option:selected, input.product_field_options:checked").each(function(){
						if($(this).attr("data-products") != 0){
							available_product_variants = arrayIntersection(parseStringToIntArray($(this).attr("data-products").split(",")), available_product_variants);
						}
					});

					return available_product_variants;
				}
				function parseStringToIntArray(array){
					return jQuery.map(array, function(value){
						return parseInt(value, 10);
					});
				}
				function arrayIntersection(array1, array2){
					return array1.filter(function(e){
						return array2.indexOf(e) != -1
					});
				}
				</script>
				<?php } ?>
			]]></add>
		</operation>
	</file>

	<file path="catalog/controller/startup/seo_pro.php">
		<operation>
			<search><![CDATA[$data['product_id'] = $tmp['product_id'];]]></search>
			<add position="after"><![CDATA[
				if (isset($tmp['product_option'])) {
					$data['product_option'] = $tmp['product_option'];
				}
			]]></add>
		</operation>
	</file>

</modification>