<?xml version="1.0" encoding="UTF-8"?>
<modification>
	<name>Product Sets with discount</name>
	<version>1.0</version>
	<link>http://nikita-sp.com/</link>
	<code>ps-nsp</code>
	<author>Nikita Spivak</author>


	<file path="admin/controller/common/menu.php">
		<operation>
			<search><![CDATA[$data['text_product'] = $this->language->get('text_product');]]></search>
			<add position="after"><![CDATA[$data['text_product_set'] = $this->language->get('text_product_set');]]></add>
		</operation>
		<operation>
			<search><![CDATA[$data['product'] = $this->url->link('catalog/product', 'token=' . $this->session->data['token'], 'SSL');]]></search>
			<add position="after"><![CDATA[$data['product_set'] = $this->url->link('catalog/product_set', 'token=' . $this->session->data['token'], 'SSL');]]></add>
		</operation>
	</file>

	<file path="admin/language/*/common/menu.php">
		<operation>
			<search><![CDATA[// Text]]></search>
			<add position="after"><![CDATA[$_['text_product_set']                     = 'Product Sets';]]></add>
		</operation>
	</file>
	<file path="admin/language/russian/common/menu.php">
		<operation>
			<search><![CDATA[// Text]]></search>
			<add position="after"><![CDATA[$_['text_product_set']                     = 'Комплекты';]]></add>
		</operation>
	</file>

	<file path="admin/view/template/common/menu.tpl">
		<operation>
			<search><![CDATA[<li><a href="<?php echo $product; ?>"><?php echo $text_product; ?></a></li>]]></search>
			<add position="after"><![CDATA[<li><a href="<?php echo $product_set; ?>"><?php echo $text_product_set; ?></a></li>]]></add>
		</operation>
	</file>


	<file path="admin/model/catalog/product.php">
		<operation>
			<search><![CDATA[if (isset($data['image'])) {]]></search>
			<add position="before"><![CDATA[
					if (isset($data['product_set_id'])) {
						$this->db->query("UPDATE " . DB_PREFIX . "product SET product_set_id = '" . $this->db->escape($data['product_set_id']) . "' WHERE product_id = '" . (int)$product_id . "'");
					}
			]]></add>
		</operation>
	</file>

	<file path="admin/controller/catalog/product.php">
		<operation>
			<search><![CDATA[$this->load->model('catalog/manufacturer');]]></search>
			<add position="before"><![CDATA[
				$this->load->model('catalog/product_set');
				$data['entry_product_set'] = $this->language->get('entry_product_set');

				if (isset($this->request->post['product_set_id'])) {
					$data['product_set_id'] = $this->request->post['product_set_id'];
				} elseif (!empty($product_info)) {
					$data['product_set_id'] = $product_info['product_set_id'];
				} else {
					$data['product_set_id'] = 0;
				}

				if (isset($this->request->post['product_set'])) {
					$data['product_set'] = $this->request->post['product_set'];
				} elseif (!empty($product_info)) {
					$product_set_info = $this->model_catalog_product_set->getProductSet($product_info['product_set_id']);

					if ($product_set_info) {
						$data['product_set'] = $product_set_info['name'];
					} else {
						$data['product_set'] = '';
					}
				} else {
					$data['product_set'] = '';
				}
			]]></add>
		</operation>
	</file>
	<file path="admin/view/template/catalog/product_form.tpl">
		<operation>
			<search><![CDATA[<div class="tab-pane" id="tab-links">]]></search>
			<add position="after"><![CDATA[
              <div class="form-group">
                <label class="col-sm-2 control-label" for="input-product-set"><span data-toggle="tooltip" title="<?php echo $help_product_set; ?>"><?php echo $entry_product_set; ?></span></label>
                <div class="col-sm-10">
                  <input type="text" name="product_set" value="<?php echo $product_set ?>" placeholder="<?php echo $entry_product_set; ?>" id="input-product-set" class="form-control" />
                  <input type="hidden" name="product_set_id" value="<?php echo $product_set_id; ?>" />
                </div>
              </div>
			]]></add>
		</operation>
		<operation>
			<search><![CDATA[// Manufacturer]]></search>
			<add position="before"><![CDATA[
			// Product Set
			$('input[name=\'product_set\']').autocomplete({
				'source': function(request, response) {
					$.ajax({
						url: 'index.php?route=catalog/product_set/autocomplete&token=<?php echo $token; ?>&filter_name=' +  encodeURIComponent(request),
						dataType: 'json',
						success: function(json) {
							json.unshift({
								product_set_id: 0,
								name: '<?php echo $text_none; ?>'
							});

							response($.map(json, function(item) {
								return {
									label: item['name'],
									value: item['product_set_id']
								}
							}));
						}
					});
				},
				'select': function(item) {
					$('input[name=\'product_set\']').val(item['label']);
					$('input[name=\'product_set_id\']').val(item['value']);
				}
			});
			]]></add>
		</operation>
	</file>

	<file path="catalog/language/*/product/product.php">
		<operation>
			<search><![CDATA[// Text]]></search>
			<add position="after"><![CDATA[
				/* Nikita Spivak MOD for SETS of products */
				$_['button_set_replace']    = 'Replace';
				$_['button_set_add']        = 'Add';
				$_['button_set_remove']     = 'Remove';
				$_['button_set_buy']        = 'Buy Set';
				$_['button_set_save']       = 'You save with set';
				$_['text_product_set']		= 'Product Sets';
				$_['text_all_products_in_product_set'] = "All available products were added to your set.";
				/* END Nikita Spivak MOD for SETS of products */
			]]></add>
		</operation>
	</file>
	<file path="catalog/language/russian/russian.php">
		<operation>
			<search><![CDATA[// Text]]></search>
			<add position="after"><![CDATA[
				/* Nikita Spivak MOD for SETS of products */
				$_['button_set_replace']    = 'Заменить';
				$_['button_set_add']        = 'Добавить';
				$_['button_set_remove']     = 'Убрать';
				$_['button_set_buy']        = 'Купить комплект';
				$_['button_set_save']       = 'Экономия на комплекте';
				$_['text_product_set']		= 'Комплекты';
				$_['text_all_products_in_product_set'] = "Все доступные товары были добавлены в комплект.";
				/* END Nikita Spivak MOD for SETS of products */
			]]></add>
		</operation>
	</file>

	<file path="catalog/controller/product/product.php">
		<operation>
			<search><![CDATA[$data['button_cart'] = $this->language->get('button_cart');]]></search>
			<add position="before"><![CDATA[
				/* Nikita Spivak MOD for SETS of products */
				$this->document->addScript('catalog/view/javascript/product_set.js');
				$this->document->addStyle('catalog/view/javascript/product_set.css');

				$data['button_set_replace'] = $this->language->get('button_set_replace');
				$data['button_set_add'] = $this->language->get('button_set_add');
				$data['button_set_remove'] = $this->language->get('button_set_remove');
				$data['button_set_buy'] = $this->language->get('button_set_buy');
				$data['button_set_save'] = $this->language->get('button_set_save');

				$data['text_currency_symbol_left'] = $this->currency->getSymbolLeft();
				$data['text_currency_symbol_right'] = $this->currency->getSymbolRight();
				$data['text_product_set'] = $this->language->get('text_product_set');
				$data['text_all_products_in_product_set'] = $this->language->get('text_all_products_in_product_set');
				/* END Nikita Spivak MOD for SETS of products */
			]]></add>
		</operation>
		<operation>
			<search><![CDATA[if ($product_info['minimum']) {]]></search>
			<add position="before"><![CDATA[
			/* Nikita Spivak MOD for SETS of products */
			$data['product_set_id'] = $product_info['product_set_id'];
			if($product_info['product_set_id']){
				$data['product_set_products'] = array();
				$product_set_products = $this->model_catalog_product->getProductSetProducts($product_info['product_set_id']);

				foreach ($product_set_products as $product_set_product) {
					if ($product_set_product['image']) {
						$image = $this->model_tool_image->resize($product_set_product['image'], $this->config->get('config_image_related_width'), $this->config->get('config_image_related_height'));
					} else {
						$image = false;
					}

					if (($this->config->get('config_customer_price') && $this->customer->isLogged()) || !$this->config->get('config_customer_price')) {
						$price = $this->currency->format($this->tax->calculate($product_set_product['price'], $product_set_product['tax_class_id'], $this->config->get('config_tax')));
					} else {
						$price = false;
					}

					if ((float)$product_set_product['special']) {
						$special = $this->currency->format($this->tax->calculate($product_set_product['special'], $product_set_product['tax_class_id'], $this->config->get('config_tax')));
					} else {
						$special = false;
					}

					// Check if set discount is better than just product discount
					$setsale = false;
					if((int)$product_set_product['sale']){
						$setprice = $product_set_product['price'] - $product_set_product['price'] * $product_set_product['sale']/100;
						if(!(isset($product_set_product['special'])) || ($product_set_product['special'] > $setprice)){
							// If set sale is bigger than current product discount than we add this price as special
							$setsale = $product_set_product['sale'];
							$special = $this->currency->format($this->tax->calculate($setprice, $product_set_product['tax_class_id'], $this->config->get('config_tax')));
						}
					}

					if ($this->config->get('config_review_status')) {
						$rating = (int)$product_set_product['rating'];
					} else {
						$rating = false;
					}

					$data['product_set_products'][] = array(
						'product_id' => $product_set_product['product_id'],
						'thumb'   	 => $image,
						'name'    	 => $product_set_product['name'],
						'price'   	 => $price,
						'special' 	 => $special,
						'setsale'	=> $setsale,
						'rating'     => $rating,
						'reviews'    => sprintf($this->language->get('text_reviews'), (int)$product_set_product['reviews']),
						'href'    	 => $this->url->link('product/product', 'product_id=' . $product_set_product['product_id'])
					);
				}
			}
			/* END Nikita Spivak MOD for SETS of products */
			]]></add>
		</operation>
	</file>

	<file path="catalog/model/catalog/product.php">
		<operation>
			<search><![CDATA['date_modified'    => $query->row['date_modified'],]]></search>
			<add position="before"><![CDATA[
				/* Nikita Spivak MOD for SETS */
				'product_set_id'			   => $query->row['product_set_id'],
				/* END Nikita Spivak MOD for SETS */
			]]></add>
		</operation>
		<operation>
			<search><![CDATA[public function getTotalProductSpecials() {]]></search>
			<add position="before"><![CDATA[
				/* Nikita Spivak MOD for SETS of products */
				public function getProductSetProducts($product_set_id) {
					$product_data = array();

					$query = $this->db->query("SELECT psp.product_id, psp.sale FROM " . DB_PREFIX . "product_set_products psp LEFT JOIN " . DB_PREFIX . "product p ON (psp.product_id = p.product_id) LEFT JOIN " . DB_PREFIX . "product_to_store p2s ON (p.product_id = p2s.product_id) WHERE psp.product_set_id = '" . (int)$product_set_id . "' AND p.status = '1' AND p.date_available <= NOW() AND p2s.store_id = '" . (int)$this->config->get('config_store_id') . "' ORDER BY psp.sort_order ASC");

					foreach ($query->rows as $result) {
						$product_data[$result['product_id']] = $this->getProduct($result['product_id']);
						$product_data[$result['product_id']]['sale'] = $result['sale'];
					}

					return $product_data;
				}
				/* END Nikita Spivak MOD for SETS of products */
			]]></add>
		</operation>
	</file>

	<file path="catalog/view/theme/*/template/product/product.tpl">
		<operation>
			<search><![CDATA[<ul class="nav nav-tabs">]]></search>
			<add position="before"><![CDATA[
				<!-- Nikita Spivak MOD for set -->
				<?php if ($product_set_products) { ?>
				<h3><?php echo $text_product_set; ?> (<?php echo count($product_set_products); ?>)</h3>
				<div class="setBox">
					<div class="row">
						<div class="main-product <?php echo (count($product_set_products) < 2)? "col-xs-4 col-sm-4 col-md-4 col-lg-4":"col-xs-3 col-sm-3 col-md-3 col-lg-3"; ?>">
							<input type="hidden" name="product_set_id" class="product_set_id" size="2" value="<?php echo $product_set_id; ?>" />
							<input type="hidden" name="product_id" class="product_id" size="2" value="<?php echo $product_id; ?>" />
							<div class="image"><img src="<?php echo $thumb; ?>" alt="<?php echo $heading_title; ?>" /></div>
							<div class="name"><?php echo $heading_title; ?></div>
							<?php if ($price) { ?>
							<div class="price">
								<?php if (!$special) { ?>
									<span class="new-price"><?php echo $price; ?></span>
								<?php } else { ?>
									<span class="new-price"><?php echo $special; ?></span>
									<span class="old-price"><?php echo $price; ?></span>
								<?php } ?>
							</div>
							<?php } ?>
						</div>
						<div class="product_set_products <?php echo (count($product_set_products) < 2)? "col-xs-4 col-sm-4 col-md-4 col-lg-4":"col-xs-3 col-sm-3 col-md-3 col-lg-3"; ?>">
						    <a class="<?php echo (count($product_set_products) < 2)? "hidden ":""; ?>next" href="#product_set" data-slide="next"><span></span></a>
						    <a class="<?php echo (count($product_set_products) < 2)? "hidden ":""; ?>prev" href="#product_set" data-slide="prev"><span></span></a>
							<div id="product_set" class="carousel slide" data-interval="false">
								<div class="carousel-inner">
									<div class="active item item-<?php echo $product_set_products[0]['product_id']; ?>">
										<input type="hidden" name="product_set_product_id" class="product_set_product_id" size="2" value="<?php echo $product_set_products[0]['product_id']; ?>" />
										<?php if ($product_set_products[0]['thumb']) { ?>
										<div class="image">
											<a href="<?php echo $product_set_products[0]['href']; ?>"><img src="<?php echo $product_set_products[0]['thumb']; ?>" alt="<?php echo $product_set_products[0]['name']; ?>" /></a>
											<div class="saleSticker"><?php echo $product_set_products[0]['setsale']; ?></div>
										</div>
										<?php } ?>
										<div class="name"><a href="<?php echo $product_set_products[0]['href']; ?>"><?php echo $product_set_products[0]['name']; ?></a></div>
										<?php if($product_set_products[0]['special']) { ?>
										<div class="price">
											<span class="new-price"><?php echo $product_set_products[0]['special']; ?></span>
											<span class="old-price"><?php echo $product_set_products[0]['price']; ?></span>
										</div>
										<?php } ?>
										<div class="cart">
											<a class="<?php echo (count($product_set_products) < 2)? "hidden ":""; ?>btn btn-primary" onclick="replaceFromSet('<?php echo $product_set_products[0]['product_id']; ?>');"><?php echo $button_set_replace; ?></a>
											<a class="btn btn-danger removeFromSet hidden" onclick="removeFromSet('<?php echo $product_set_products[0]['product_id']; ?>');"><?php echo $button_set_remove; ?></a>
										</div>
									</div>
								</div>
							</div>
						</div>
						<div class="<?php echo (count($product_set_products) < 2)? "hidden ":""; ?>addProduct col-xs-3 col-sm-3 col-md-3 col-lg-3"><div class="addItem" data-toggle="modal" data-target="#product_set_modal"><?php echo $button_set_add; ?><div class="square"></div></div></div>
						<div class="buySet <?php echo (count($product_set_products) < 2)? "col-xs-4 col-sm-4 col-md-4 col-lg-4":"col-xs-3 col-sm-3 col-md-3 col-lg-3"; ?>">
							<div class="old-price-sum"><?php echo $text_currency_symbol_left; ?><span></span><?php echo $text_currency_symbol_right; ?></div>
							<div class="new-price-sum"><?php echo $text_currency_symbol_left; ?><span></span><?php echo $text_currency_symbol_right; ?></div>
							<a class="btn btn-primary" onclick="buyProductSet();"><?php echo $button_set_buy; ?></a>
							<div class="set-savings"><?php echo $button_set_save; ?> <?php echo $text_currency_symbol_left; ?><span></span><?php echo $text_currency_symbol_right; ?></div>
						</div>
					</div>
					<div id="product_set_modal" class="setModal modal fade" role="dialog">
						<div class="modal-dialog">
							<div class="modal-content">
								<div class="modal-body row">
									<?php foreach($product_set_products as $product_set_product){ ?>
									<div class="col-xs-3 col-sm-3 col-md-3 col-lg-3 item item-<?php echo $product_set_product['product_id']; ?>">
										<div class="hidden">
											<input type="hidden" name="product_set_product_id" class="product_set_product_id" size="2" value="<?php echo $product_set_product['product_id']; ?>" />
											<?php if ($product_set_product['thumb']) { ?>
											<div class="image">
												<a href="<?php echo $product_set_product['href']; ?>"><img src="<?php echo $product_set_product['thumb']; ?>" alt="<?php echo $product_set_product['name']; ?>" /></a>
												<div class="saleSticker"><?php echo $product_set_product['setsale']; ?></div>
											</div>
											<?php } ?>
											<div class="name"><a href="<?php echo $product_set_product['href']; ?>"><?php echo $product_set_product['name']; ?></a></div>
											<?php if($product_set_product['special']) { ?>
											<div class="price">
												<span class="new-price"><?php echo $product_set_product['special']; ?></span>
												<span class="old-price"><?php echo $product_set_product['price']; ?></span>
											</div>
											<?php } ?>
											<div class="cart">
												<a class="btn btn-primary" onclick="replaceFromSet('<?php echo $product_set_product['product_id']; ?>');"><?php echo $button_set_replace; ?></a>
												<a class="btn btn-danger removeFromSet" onclick="removeFromSet('<?php echo $product_set_product['product_id']; ?>');"><?php echo $button_set_remove; ?></a>
											</div>
										</div>
										<?php if ($product_set_product['thumb']) { ?>
										<div class="image">
											<a href="<?php echo $product_set_product['href']; ?>"><img src="<?php echo $product_set_product['thumb']; ?>" alt="<?php echo $product_set_product['name']; ?>" /></a>
											<div class="saleSticker"><?php echo $product_set_product['setsale']; ?></div>
										</div>
										<?php } ?>
										<div class="name"><a href="<?php echo $product_set_product['href']; ?>"><?php echo $product_set_product['name']; ?></a></div>
										<?php if($product_set_product['special']) { ?>
										<div class="price">
											<span class="new-price"><?php echo $product_set_product['special']; ?></span>
											<span class="old-price"><?php echo $product_set_product['price']; ?></span>
										</div>
										<?php } ?>
										<div class="cart">
											<a class="btn btn-primary" onclick="addToSet('<?php echo $product_set_product['product_id']; ?>');"><?php echo $button_set_add; ?></a>
										</div>
									</div>
									<?php } ?>
									<div class="emptySet text-center hidden"><?php echo $text_all_products_in_product_set; ?></div>
								</div>
							</div>
						</div>
					</div>
				</div>
				<?php } ?>
				<!-- END Nikita Spivak MOD for set -->
			]]></add>
		</operation>
	</file>

	<file path="catalog/controller/checkout/cart.php">
		<operation>
			<search><![CDATA[public function add() {]]></search>
			<add position="before"><![CDATA[
				/* Nikita Spivak MOD for SETS of products */
				public function addProductSet() {					$this->load->language('checkout/cart');
					$json = array();

					if (isset($this->request->post['product_ids'])) {
						$product_ids = explode(",", $this->request->post['product_ids']);
					} else {
						$product_ids = array();
					}

					if (isset($this->request->post['product_ids'])) {
						$main_product_id = $this->request->post['product_id'];
					} else {
						$main_product_id = 0;
					}
					$this->load->model('catalog/product');
					$main_product_info = $this->model_catalog_product->getProduct((int)$main_product_id);

					if ($main_product_info) {
						foreach($product_ids as $product_id){
							$product_info = $this->model_catalog_product->getProduct((int)$product_id);
							if ($product_info) {								$json[] = $this->cart->add((int)$product_id, 1, array(), 0, (int)$this->request->post['product_set_id'], $main_product_id);
							}
						}

						unset($this->session->data['shipping_method']);
						unset($this->session->data['shipping_methods']);
						unset($this->session->data['payment_method']);
						unset($this->session->data['payment_methods']);

						$json['success'] = sprintf($this->language->get('text_success'), $this->url->link('product/product', 'product_id=' . $this->request->post['product_id']), $main_product_info['name'], $this->url->link('checkout/cart'));
						// Totals
						$this->load->model('extension/extension');

						$total_data = array();
						$total = 0;
						$taxes = $this->cart->getTaxes();

						// Display prices
						if (($this->config->get('config_customer_price') && $this->customer->isLogged()) || !$this->config->get('config_customer_price')) {
							$sort_order = array();

							$results = $this->model_extension_extension->getExtensions('total');

							foreach ($results as $key => $value) {
								$sort_order[$key] = $this->config->get($value['code'] . '_sort_order');
							}

							array_multisort($sort_order, SORT_ASC, $results);

							foreach ($results as $result) {
								if ($this->config->get($result['code'] . '_status')) {
									$this->load->model('total/' . $result['code']);

									$this->{'model_total_' . $result['code']}->getTotal($total_data, $total, $taxes);
								}
							}

							$sort_order = array();

							foreach ($total_data as $key => $value) {
								$sort_order[$key] = $value['sort_order'];
							}

							array_multisort($sort_order, SORT_ASC, $total_data);
						}

						$json['total'] = sprintf($this->language->get('text_items'), $this->cart->countProducts() + (isset($this->session->data['vouchers']) ? count($this->session->data['vouchers']) : 0), $this->currency->format($total));
						$this->response->setOutput(json_encode($json));
					}
				}
				/* END Nikita Spivak MOD for SETS of products */
			]]></add>
		</operation>
	</file>

	<file path="system/library/cart.php">
		<operation>
			<search><![CDATA[// Profile]]></search>
			<add position="before"><![CDATA[
				/* Nikita Spivak MOD for SETS of products */
				if (isset($product['product_set_id'])) {
					$product_set_id = $product['product_set_id'];
				} else {
					$product_set_id = 0;
				}
				if (isset($product['product_set_product_id'])) {
					$product_set_product_id = $product['product_set_product_id'];
				} else {
					$product_set_product_id = 0;
				}
				/* END Nikita Spivak MOD for SETS of products */
			]]></add>
		</operation>
		<operation>
			<search><![CDATA[$option_price = 0;]]></search>
			<add position="before"><![CDATA[
					/* Nikita Spivak MOD for SETS of products */
					if($product_set_id > 0 && $product_set_product_id > 0){
						// Check if there is main product in cart
						$mainProductInCart = false;
						foreach ($this->session->data['cart'] as $mainKey => $mainQuantity) {
							$mainProduct = unserialize(base64_decode($mainKey));
							if ($mainProduct["product_id"] == $product_set_product_id) {
								$mainProductInCart = true;
								break;
							}
						}
						// Check if there is still in DB such set
						if($product_set_product_id != $product_id){
							$set_special_query = $this->db->query("SELECT sale FROM " . DB_PREFIX . "product_set_products WHERE product_set_id = '" . (int)$product_set_id . "' AND product_id = '" . (int)$product_id . "' ORDER BY sort_order ASC LIMIT 1");
						}else{							$set_special_query = $this->db->query("SELECT product_set_id FROM " . DB_PREFIX . "product WHERE product_id = '" . (int)$product_id . "' ORDER BY sort_order ASC LIMIT 1");						}
						if (!$set_special_query->num_rows || !$mainProductInCart){
							$this->remove($key);
							break;
						}
					}
					/* END Nikita Spivak MOD for SETS of products */
			]]></add>
		</operation>
		<operation>
			<search><![CDATA[// Reward Points]]></search>
			<add position="before"><![CDATA[
					/* Nikita Spivak MOD for SETS of products */
					if($product_set_id > 0 && $product_set_product_id > 0){
						$quantity = 1;
						if($product_id != $product_set_product_id){
							$set_price = round($product_query->row['price'] - $product_query->row['price'] * $set_special_query->row['sale']/100, 5);
							if($set_price < $price){
								$price = $set_price;
							}
						}
					}
					/* END Nikita Spivak MOD for SETS of products */
			]]></add>
		</operation>
		<operation>
			<search><![CDATA['option'          => $option_data,]]></search>
			<add position="before"><![CDATA[
						/* Nikita Spivak MOD for SETS of products */
						'product_set_id'			  => $product_set_id,
						/* END Nikita Spivak MOD for SETS of products */
			]]></add>
		</operation>
		<operation>
			<search><![CDATA[public function add($product_id, $qty = 1, $option = array(), $recurring_id = 0) {]]></search>
			<add position="replace"><![CDATA[
				public function add($product_id, $qty = 1, $option = array(), $recurring_id = 0, $product_set_id = 0, $product_set_product_id = 0) {
			]]></add>
		</operation>
		<operation>
			<search><![CDATA[if ($recurring_id) {]]></search>
			<add position="before"><![CDATA[
				if ($product_set_id) {
					$product['product_set_id'] = (int)$product_set_id;
				}
				if ($product_set_product_id) {
					$product['product_set_product_id'] = (int)$product_set_product_id;
				}
			]]></add>
		</operation>
	</file>
</modification>