<?xml version="1.0" encoding="utf-8"?>
<modification>
  <name>OCFilter Modification</name>
  <code>ocfilter-product-filter</code>
  <version>4.19</version>
  <author>Aleksandr Surutkovich</author>
  <link>http://ocfilter.com</link>

  <!--
  **
  **
  ********* ADMIN **********
  **
  **
  -->

  <!-- CONTROLLERS -->

	<file path="admin/controller/catalog/product.php">
    <operation>
      <search><![CDATA[function getForm() {]]></search>
      <add position="after"><![CDATA[
    // OCFilter start
    $this->document->addStyle('view/stylesheet/ocfilter/ocfilter.css');
    $this->document->addScript('view/javascript/ocfilter/ocfilter.js');
    // OCFilter end
      ]]></add>
    </operation>
    <operation>
      <search><![CDATA[$data['tab_general'] = $this->language->get('tab_general');]]></search>
      <add position="after"><![CDATA[
    // OCFilter start
    $data['tab_ocfilter'] = $this->language->get('tab_ocfilter');
    $data['entry_values'] = $this->language->get('entry_values');
    $data['ocfilter_select_category'] = $this->language->get('ocfilter_select_category');
    // OCFilter end
      ]]></add>
    </operation>
  </file><!-- /admin/controller/catalog/product.php -->

	<file path="admin/controller/common/column_left.php">
    <operation>
      <search><![CDATA[if ($this->user->hasPermission('access', 'catalog/filter')) {]]></search>
      <add position="before"><![CDATA[
      // OCFilter start
			if ($this->user->hasPermission('access', 'catalog/ocfilter')) {
				$catalog[] = array(
					'name'	   => $this->language->get('text_ocfilter'),
					'href'     => $this->url->link('catalog/ocfilter', 'token=' . $this->session->data['token'], true),
					'children' => array()
				);
			}
		  // OCFilter end
      ]]></add>
    </operation>
  </file><!-- /admin/controller/common/column_left.php -->

  <!-- LANGUAGES -->

	<file path="admin/language/{english,en-gb,en-us}/catalog/product.php">
    <operation>
      <search><![CDATA[$_['text_success']]]></search>
      <add position="before"><![CDATA[
// OCFilter start
$_['entry_values']          		= 'Add the values ​​for this option.';
$_['tab_ocfilter']          		= 'OCFilter Options';
$_['ocfilter_select_category'] 	= 'To start, select a category for this product.';
// OCFilter end
      ]]></add>
    </operation>
  </file><!-- /admin/language/english/catalog/product.php -->

	<file path="admin/language/{english,en-gb,en-us}/common/column_left.php">
    <operation>
      <search><![CDATA[$_['text_option']]]></search>
      <add position="before"><![CDATA[
// OCFilter start
$_['text_ocfilter'] = 'Product Filter OCFilter';
// OCFilter end
      ]]></add>
    </operation>
  </file><!-- /admin/language/english/common/column_left.php -->

	<file path="admin/language/{russian,ru,ru-ru}/catalog/product.php">
    <operation>
      <search><![CDATA[$_['text_success']]]></search>
      <add position="before"><![CDATA[
// OCFilter start
$_['entry_values']          		= 'Добавьте значения для этой опции.';
$_['tab_ocfilter']          		= 'Опции фильтра';
$_['ocfilter_select_category'] 	= 'Для начала, выберите категории для этого товара.';
// OCFilter end
      ]]></add>
    </operation>
  </file><!-- /admin/language/russian/catalog/product.php -->

	<file path="admin/language/{russian,ru,ru-ru}/common/column_left.php">
    <operation>
      <search><![CDATA[$_['text_option']]]></search>
      <add position="before"><![CDATA[
// OCFilter start
$_['text_ocfilter'] = 'Фильтр товаров OCFilter';
// OCFilter end
      ]]></add>
    </operation>
  </file><!-- /admin/language/russian/common/column_left.php -->

  <!-- MODELS -->

	<file path="admin/model/catalog/product.php">
    <operation>
      <search><![CDATA[if (isset($data['image'])) {]]></search>
      <add position="before"><![CDATA[
    // OCFilter start
    $this->db->query("DELETE FROM " . DB_PREFIX . "ocfilter_option_value_to_product WHERE product_id = '" . (int)$product_id . "'");
		$this->db->query("DELETE FROM " . DB_PREFIX . "ocfilter_option_value_to_product_description WHERE product_id = '" . (int)$product_id . "'");

		if (isset($data['ocfilter_product_option'])) {
			foreach ($data['ocfilter_product_option'] as $option_id => $values) {
				foreach ($values['values'] as $value_id => $value) {
					if (isset($value['selected'])) {
						$this->db->query("INSERT INTO " . DB_PREFIX . "ocfilter_option_value_to_product SET product_id = '" . (int)$product_id . "', option_id = '" . (int)$option_id . "', value_id = '" . (string)$value_id . "', slide_value_min = '" . (isset($value['slide_value_min']) ? (float)$value['slide_value_min'] : 0) . "', slide_value_max = '" . (isset($value['slide_value_max']) ? (float)$value['slide_value_max'] : 0) . "'");

						foreach ($value['description'] as $language_id => $description) {
							if (trim($description['description'])) {
								$this->db->query("INSERT INTO " . DB_PREFIX . "ocfilter_option_value_to_product_description SET product_id = '" . (int)$product_id . "', option_id = '" . (int)$option_id . "', value_id = '" . (string)$value_id . "', language_id = '" . (int)$language_id . "', description = '" . $this->db->escape($description['description']) . "'");
							}
						}
					}
				}
			}
		}
		// OCFilter end
      ]]></add>
    </operation>
    <operation>
      <search><![CDATA[
      $data['product_attribute'] = $this->getProductAttributes($product_id);
      ]]></search>
      <add position="after"><![CDATA[
 		// OCFilter start
		$this->load->model('catalog/ocfilter');
		$data['ocfilter_product_option'] = $this->model_catalog_ocfilter->getProductOCFilterValues($product_id);
		// OCFilter end
      ]]></add>
    </operation>
    <operation>
      <search><![CDATA[
      $this->db->query("DELETE FROM " . DB_PREFIX . "product WHERE product_id = '" . (int)$product_id . "'");
      ]]></search>
      <add position="after"><![CDATA[
		// OCFilter start
		$this->db->query("DELETE FROM " . DB_PREFIX . "ocfilter_option_value_to_product WHERE product_id = '" . (int)$product_id . "'");
		// OCFilter end
      ]]></add>
    </operation>
  </file><!-- /admin/model/catalog/product.php -->

  <!-- VIEW -->

	<file path="admin/view/template/catalog/product_form.tpl">
    <operation>
      <search index="0"><![CDATA[<script type="text/javascript"><!--]]></search>
      <add position="before"><![CDATA[
  <!-- OCFilter start -->
  <script type="text/javascript"><!--
  ocfilter.php = {
  	text_select: '<?php echo $text_select; ?>',
  	ocfilter_select_category: '<?php echo $ocfilter_select_category; ?>',
  	entry_values: '<?php echo $entry_values; ?>',
  	tab_ocfilter: '<?php echo $tab_ocfilter; ?>'
  };

  ocfilter.php.languages = [];

  <?php foreach ($languages as $language) { ?>
  ocfilter.php.languages.push({
  	'language_id': <?php echo $language['language_id']; ?>,
  	'name': '<?php echo $language['name']; ?>',
    'image': '<?php echo $language['image']; ?>'
  });
  <?php } ?>

  //--></script>
  <!-- OCFilter end -->
      ]]></add>
    </operation>
  </file><!-- /admin/view/template/catalog/product_form.tpl -->

	<file path="admin/view/template/editors/product/product_form.tpl">
    <operation>
      <search index="0"><![CDATA[<script type="text/javascript"><!--]]></search>
      <add position="before"><![CDATA[
  <!-- OCFilter start -->
  <script type="text/javascript"><!--
  ocfilter.php = {
  	text_select: '<?php echo $text_select; ?>',
  	ocfilter_select_category: '<?php echo $ocfilter_select_category; ?>',
  	entry_values: '<?php echo $entry_values; ?>',
  	tab_ocfilter: '<?php echo $tab_ocfilter; ?>'
  };

  ocfilter.php.languages = [];

  <?php foreach ($languages as $language) { ?>
  ocfilter.php.languages.push({
  	'language_id': <?php echo $language['language_id']; ?>,
  	'name': '<?php echo $language['name']; ?>',
    'image': '<?php echo $language['image']; ?>'
  });
  <?php } ?>

  //--></script>
  <!-- OCFilter end -->
      ]]></add>
    </operation>
  </file><!-- /admin/view/template/editors/product/product_form.tpl -->

  <!--
  **
  **
  ********* CATALOG **********
  **
  **
  -->

	<file path="catalog/controller/startup/maintenance.php">
    <operation>
      <search><![CDATA[index() {]]></search>
      <add position="after"><![CDATA[
    // OCFilter start
    $this->load->controller('extension/module/ocfilter/initialise');
    // OCFilter end
      ]]></add>
    </operation>
  </file><!-- /catalog/controller/startup/maintenance.php -->

	<file path="catalog/controller/startup/seo_url.php">
    <operation>
      <search><![CDATA[$this->url->addRewrite($this);]]></search>
      <add position="after"><![CDATA[
      // OCFilter start
      if (!is_null($this->registry->get('ocfilter'))) {
  			$this->url->addRewrite($this->registry->get('ocfilter'));
  		}
      // OCFilter end
      ]]></add>
    </operation>
  </file><!-- /catalog/controller/startup/seo_url.php -->

	<file path="catalog/controller/startup/seo_pro.php">
    <operation>
      <search><![CDATA[$this->url->addRewrite($this);]]></search>
      <add position="after"><![CDATA[
      // OCFilter start
      if (!is_null($this->registry->get('ocfilter'))) {
  			$this->url->addRewrite($this->registry->get('ocfilter'));
  		}
      // OCFilter end
      ]]></add>
    </operation>
  </file><!-- /catalog/controller/startup/seo_pro.php -->

	<file path="catalog/model/catalog/product.php">
    <operation>
      <search><![CDATA[if (!empty($data['filter_manufacturer_id'])) {]]></search>
      <add position="before"><![CDATA[
		// OCFilter start
		if (!empty($data['filter_ocfilter'])) {
      $this->load->config('ocfilter');
      $this->load->model('catalog/ocfilter');

      $ocfilter_product_sql = $this->model_catalog_ocfilter->getProductSQL($data['filter_ocfilter']);

			if ($ocfilter_product_sql) {
			  $sql .= $ocfilter_product_sql;
			}
		}
		// OCFilter end
      ]]></add>
    </operation>
  </file><!-- /catalog/model/catalog/product.php -->

	<file path="catalog/controller/product/category.php">
    <operation>
      <search index="0"><![CDATA[$data['breadcrumbs'] = array();]]></search>
      <add position="before"><![CDATA[
		// OCFilter start
    if (isset($this->request->get['filter_ocfilter'])) {
      $filter_ocfilter = $this->request->get['filter_ocfilter'];
    } else {
      $filter_ocfilter = '';
    }
		// OCFilter end
      ]]></add>
    </operation>

    <!-- Filter params to product model -->

    <operation>
      <search><![CDATA[$product_total =]]></search>
      <add position="before"><![CDATA[
  		// OCFilter start
  		$filter_data['filter_ocfilter'] = $filter_ocfilter;
  		// OCFilter end
      ]]></add>
    </operation>

    <!-- Add url -->

    <operation>
      <search index="2"><![CDATA[if (isset($this->request->get['filter'])) {]]></search>
      <add position="before"><![CDATA[
      // OCFilter start
			if (isset($this->request->get['filter_ocfilter'])) {
				$url .= '&filter_ocfilter=' . $this->request->get['filter_ocfilter'];
			}
      // OCFilter end
      ]]></add>
    </operation>

    <operation>
      <search index="3"><![CDATA[if (isset($this->request->get['filter'])) {]]></search>
      <add position="before"><![CDATA[
      // OCFilter start
			if (isset($this->request->get['filter_ocfilter'])) {
				$url .= '&filter_ocfilter=' . $this->request->get['filter_ocfilter'];
			}
      // OCFilter end
      ]]></add>
    </operation>

    <operation>
      <search index="4"><![CDATA[if (isset($this->request->get['filter'])) {]]></search>
      <add position="before"><![CDATA[
      // OCFilter start
			if (isset($this->request->get['filter_ocfilter'])) {
				$url .= '&filter_ocfilter=' . $this->request->get['filter_ocfilter'];
			}
      // OCFilter end
      ]]></add>
    </operation>

    <!-- Canonical Fix -->
    <!--
    <operation>
      <search><![CDATA[if ($page == 1) {]]></search>
      <add position="before"><![CDATA[
      if (isset($this->request->get['page'])) {
      ]]></add>
    </operation>

    <operation>
      <search><![CDATA[if ($limit]]></search>
      <add position="before"><![CDATA[
      }
      ]]></add>
    </operation>
    -->
    <!-- SEO Meta -->

    <operation>
      <search limit="1"><![CDATA[$data['limit'] = $limit;]]></search>
      <add position="after"><![CDATA[
      // OCFilter Start
      $ocfilter_page_info = $this->load->controller('extension/module/ocfilter/getPageInfo');

      if ($ocfilter_page_info) {
        $this->document->setTitle($ocfilter_page_info['meta_title']);

        if ($ocfilter_page_info['meta_description']) {
			    $this->document->setDescription($ocfilter_page_info['meta_description']);
        }

        if ($ocfilter_page_info['meta_keyword']) {
			    $this->document->setKeywords($ocfilter_page_info['meta_keyword']);
        }

			  $data['heading_title'] = $ocfilter_page_info['title'];

        if ($ocfilter_page_info['description'] && !isset($this->request->get['page']) && !isset($this->request->get['sort']) && !isset($this->request->get['order']) && !isset($this->request->get['search']) && !isset($this->request->get['limit'])) {
        	$data['description'] = html_entity_decode($ocfilter_page_info['description'], ENT_QUOTES, 'UTF-8');
        }
      } else {
        $meta_title = $this->document->getTitle();
        $meta_description = $this->document->getDescription();
        $meta_keyword = $this->document->getKeywords();

        $filter_title = $this->load->controller('extension/module/ocfilter/getSelectedsFilterTitle');

        if ($filter_title) {
          if (false !== strpos($meta_title, '{filter}')) {
            $meta_title = trim(str_replace('{filter}', $filter_title, $meta_title));
          } else {
            $meta_title .= ' ' . $filter_title;
          }

          $this->document->setTitle($meta_title);

          if ($meta_description) {
            if (false !== strpos($meta_description, '{filter}')) {
              $meta_description = trim(str_replace('{filter}', $filter_title, $meta_description));
            } else {
              $meta_description .= ' ' . $filter_title;
            }

  			    $this->document->setDescription($meta_description);
          }

          if ($meta_keyword) {
            if (false !== strpos($meta_keyword, '{filter}')) {
              $meta_keyword = trim(str_replace('{filter}', $filter_title, $meta_keyword));
            } else {
              $meta_keyword .= ' ' . $filter_title;
            }

           	$this->document->setKeywords($meta_keyword);
          }

          $heading_title = $data['heading_title'];

          if (false !== strpos($heading_title, '{filter}')) {
            $heading_title = trim(str_replace('{filter}', $filter_title, $heading_title));
          } else {
            $heading_title .= ' ' . $filter_title;
          }

          $data['heading_title'] = $heading_title;

          $data['description'] = '';
        } else {
          $this->document->setTitle(trim(str_replace('{filter}', '', $meta_title)));
          $this->document->setDescription(trim(str_replace('{filter}', '', $meta_description)));
          $this->document->setKeywords(trim(str_replace('{filter}', '', $meta_keyword)));

          $data['heading_title'] = trim(str_replace('{filter}', '', $data['heading_title']));
        }
      }
      // OCFilter End
      ]]></add>
    </operation>
  </file><!-- /catalog/controller/product/category.php -->

  <!-- Document Noindex -->

	<file path="system/library/document.php">
    <operation>
      <search><![CDATA[private $keywords;]]></search>
      <add position="after"><![CDATA[
  // OCFilter start
  private $noindex = false;
  // OCFilter end
      ]]></add>
    </operation>

    <operation>
      <search><![CDATA[public function setTitle($title) {]]></search>
      <add position="before"><![CDATA[
  // OCFilter start
  public function setNoindex($state = false) {
  	$this->noindex = $state;
  }

	public function isNoindex() {
		return $this->noindex;
	}
  // OCFilter end
      ]]></add>
    </operation>
  </file><!-- /system/library/document.php -->

	<file path="catalog/controller/common/header.php">
    <operation>
      <search><![CDATA[$data['scripts'] = $this->document->getScripts();]]></search>
      <add position="after"><![CDATA[
    // OCFilter start
    $data['noindex'] = $this->document->isNoindex();
    // OCFilter end
      ]]></add>
    </operation>
  </file><!-- /catalog/controller/common/header.php -->

  <file path="catalog/view/theme/*/template/common/header.tpl">
    <operation>
      <search><![CDATA[</title>]]></search>
      <add position="after"><![CDATA[
<?php if ($noindex) { ?>
<!-- OCFilter Start -->
<meta name="robots" content="noindex,nofollow" />
<!-- OCFilter End -->
<?php } ?>
      ]]></add>
    </operation>
  </file><!-- /catalog/view/theme/*/template/common/header.tpl -->
</modification>