<modification>
    <id>Delivery Plus</id>
    <version>4.0</version>
    <vqmver>2.4.1</vqmver>
    <author>louise170 (louise@ya.ru)</author>

    <!-- Common -->
    <file name="catalog/view/theme/*/template/checkout/shipping_method.tpl">
        <operation error="skip">
            <ignoreif><![CDATA[
                <img src="'.$quote['image'].'" class="5"/>
            ]]>
            </ignoreif>
            <search position="replace"><![CDATA[
                <?php echo $quote['title']; ?>
            ]]>
            </search>
            <add><![CDATA[
                <?php
                if (isset($quote['image']) and !empty($quote['image']) ) {
                    echo '<table><tr><td><img src="'.$quote['image'].'" class="5"/></td><td>'.$quote['title'].'</td></tr></table>';
                }
                else {
                    echo $quote['title'];
                }

                if (isset($quote['error']) and $quote['error'] != false and $quote['error'] != true) {
                    echo '<br/>'.$quote['error'];
                }
                ?>
            ]]>
            </add>
        </operation>

        <operation error="log">
            <ignoreif><![CDATA[
                $local_class = "";
            ]]>
            </ignoreif>
            <search position="after"><![CDATA[
                <?php foreach ($shipping_method['quote'] as $quote) { ?>
            ]]>
            </search>
            <add><![CDATA[
                <?php
                if (isset($quote['error']) and $quote['error'] == true) {
                    $local_class = ' class="" disabled="disabled" ';
                }
                else {
                    $local_class = "";
                }
                ?>
                ]]>
            </add>
        </operation>

        <operation error="log">
            <search position="replace"><![CDATA[
                <input type="radio" name="shipping_method" value="<?php echo $quote['code']; ?>" id="<?php echo $quote['code']; ?>" checked="checked" />
            ]]>
            </search>
            <add><![CDATA[
                <input type="radio" name="shipping_method" value="<?php echo $quote['code']; ?>" id="<?php echo $quote['code']; ?>" checked="checked" <?php echo $local_class; ?> />
            ]]>
            </add>
        </operation>

        <operation error="skip">
            <search position="replace"><![CDATA[
                <input type="radio" name="shipping_method" value="<?php echo $quote['code']; ?>" id="<?php echo $quote['code']; ?>" />
            ]]>
            </search>
            <add><![CDATA[
                <input type="radio" name="shipping_method" value="<?php echo $quote['code']; ?>" id="<?php echo $quote['code']; ?>" <?php echo $local_class; ?> />
            ]]>
            </add>
        </operation>

        <operation error="skip">
            <search position="replace" index="2"><![CDATA[
                </label></td>
            ]]>
            </search>
            <add><![CDATA[
                </label> </td>
                <?php if (!empty($quote['description']) and ((isset($quote['show_description']) and (($quote['code'] == $code and $quote['show_description'] == 1) or $quote['show_description'] == 2)) or !isset($quote['show_description']))) { ?>
                    </tr>
                    <tr>
                        <td class="code">
                        </td>
                        <td class="title">
                            <label for="<?php echo $quote['code']; ?>"><?php echo $quote['description']; ?></label>
                        </td>
                        <td class="quote">
                        </td>
                <?php } ?>
            ]]>
            </add>
        </operation>
    </file>

    <file path="catalog/controller/checkout/" name="cart.php,confirm.php">
        <operation error="skip">
            <search position="before"><![CDATA[
                array_multisort($sort_order, SORT_ASC, $total_data);
            ]]>
            </search>
            <add><![CDATA[
                if (isset($this->session->data['shipping_method']['text']) and !empty($this->session->data['shipping_method']['text'])) {
                    foreach ($total_data as $k => $v) {
                        if ($v['code'] == 'shipping') {
                            $total_data[$k]['text'] = $this->session->data['shipping_method']['text'];
                        }
                    }
                }
            ]]>
            </add>
        </operation>
    </file>
    <!--// Common -->

	<file name="admin/model/tool/image.php">
        <operation error="log">
            <search position="replace"><![CDATA[
                return HTTPS_IMAGE . $new_image;
                ]]>
            </search>
            <add><![CDATA[
                return HTTPS_CATALOG . 'image/' . $new_image;
            ]]></add>
        </operation>

        <operation error="log">
            <search position="replace"><![CDATA[
                return HTTP_IMAGE . $new_image;
                ]]>
            </search>
            <add><![CDATA[
                return HTTP_CATALOG . 'image/' . $new_image;
            ]]></add>
        </operation>
    </file>

    <file path="catalog/model/total/shipping.php">
        <operation error="log">
            <search position="replace"><![CDATA[
                $this->currency->format($this->session->data['shipping_method']['cost']),
            ]]>
            </search>
            <add><![CDATA[
                $this->session->data['shipping_method']['text'],
            ]]>
            </add>
        </operation>
    </file>

</modification>

