<modification>
    <id>Delivery Plus and Russian Post For Simple</id>
    <version>1.1</version>
    <vqmver>2.4.1</vqmver>
    <author>louise170 (louise@ya.ru)</author>

    <!-- Simple-->
    <file name="catalog/view/theme/*/template/checkout/simplecheckout_shipping.tpl">
        <operation error="log">
            <ignoreif><![CDATA[
                <img src="'.$quote['image'].'" class="1"/>
            ]]>
            </ignoreif>
            <search position="replace"><![CDATA[
                echo $quote['title'];
            ]]>
            </search>
            <add><![CDATA[
                if (isset($quote['image']) and !empty($quote['image']) ) {
                    echo '<table><tr><td><img src="'.$quote['image'].'" class="1"/></td><td>'.$quote['title'].'</td></tr></table>';
                }
                else {
                    echo $quote['title'];
                }

                if (isset($quote['error']) and $quote['error'] != false and $quote['error'] != true) {
                    echo '<br/>'.$quote['error'];
                }
				
				if (isset($quote['warning'])) {
                    echo '<br/><span style="color:red;">'.$quote['warning'].'</span>';
                }
            ]]>
            </add>
        </operation>
		
		<operation error="log">
            <search position="replace"><![CDATA[
                <?php if ($quote['code'] == $code) { ?>checked="checked"<?php } ?>
            ]]>
            </search>
            <add><![CDATA[
				<?php if ($quote['code'] == $code and !isset($quote['warning'])) { ?>checked="checked"<?php } ?>
            ]]>
            </add>
        </operation>

        <operation error="log">
            <ignoreif><![CDATA[
                <input type="radio" name="shipping_method" class=""
            ]]>
            </ignoreif>
            <search position="replace">
                <![CDATA[
                <input type="radio" name="shipping_method"
            ]]>
            </search>
            <add><![CDATA[
                <?php if (isset($quote['error']) and $quote['error'] != false) {
                    ?><input type="radio" name="shipping_method" class="" disabled="disabled" <?php
                } else {
                ?><input type="radio" name="shipping_method" class="" <?php
                }?>
            ]]>
            </add>
        </operation>

        <operation error="log">
            <ignoreif><![CDATA[
                <img src="'.$quote['image'].'" class="2/>
            ]]>
            </ignoreif>
            <search position="replace"><![CDATA[
                echo !empty($quote['title']) ? $quote['title'] : '';
            ]]>
            </search>
            <add><![CDATA[
                if (isset($quote['image']) and !empty($quote['image']) ) {
                    $quote['img'] = $quote['image'];
                }
                
                echo !empty($quote['title']) ? $quote['title'] : '';

                if (isset($quote['error']) and $quote['error'] != false and $quote['error'] != true) {
                    echo '<br/>'.$quote['error'];
                }
            ]]>
            </add>
        </operation>

        <operation error="log">
            <ignoreif><![CDATA[
                <input type="radio" data-onchange="reloadAll" name="shipping_method" class=""
            ]]>
            </ignoreif>
            <search position="replace"><![CDATA[
                <input type="radio" data-onchange="reloadAll" name="shipping_method"
            ]]>
            </search>
            <add><![CDATA[
                <?php if (isset($quote['error']) and $quote['error'] != false) {
                    ?><input type="radio" data-onchange="reloadAll" name="shipping_method" class="" disabled="disabled" <?php
                } else {
                ?><input type="radio" data-onchange="reloadAll" name="shipping_method" class="" <?php
                }?>
            ]]>
            </add>
        </operation>

        <operation error="log">
            <search position="replace"><![CDATA[
                if (!empty($quote['description'])) {
            ]]>
            </search>
            <add><![CDATA[
                if (!empty($quote['description']) and ((isset($quote['show_description']) and (($quote['code'] == $code and $quote['show_description'] == 1) or $quote['show_description'] == 2)) or !isset($quote['show_description']))) {
            ]]>
            </add>
        </operation>
    </file>

    <file name="admin/language/russian/russian.php">
        <operation error="log">
            <search position="after"><![CDATA[
                <?php
            ]]>
            </search>
            <add><![CDATA[
                $_['text_image_manager']      = 'Менеджер изображений';
            ]]>
            </add>
        </operation>
    </file>

    <file name="admin/language/english/english.php">
        <operation error="log">
            <search position="after"><![CDATA[
                <?php
            ]]>
            </search>
            <add><![CDATA[
                $_['text_image_manager']      = 'Image Manager';
            ]]>
            </add>
        </operation>
    </file>

    <file name="catalog/controller/checkout/simplecheckout_shipping.php">
        <operation error="log">
            <search position="after"><![CDATA[
                $simple_links = !empty($simple_links) && is_array($simple_links) ? $simple_links : array();
            ]]>
            </search>
            <add><![CDATA[
                $new_simple_links = array();
                $arr_keys = array();
                $arr_new_keys = array();

                foreach($simple_links as $key => $val) {
                    $arr_keys[] = $key;
                }

                foreach($arr_keys as $key => $val) {
                    $find = false;
                    foreach($arr_keys as $k => $v) {
                        if ($key != $k and strstr($v,$val.'.') and !in_array($v,$arr_new_keys)) {
                            $arr_new_keys[] = $v;
                            $find = true;
                        }
                    }

                    if ($find == false and !in_array($val,$arr_new_keys)) {
                        $arr_new_keys[] = $val;
                    }
                }

                foreach ($arr_new_keys as $value) {
                    $new_simple_links[$value] = $simple_links[$value];
                }

                $simple_links = $new_simple_links;

                //print_r($simple_links);
            ]]>
            </add>
        </operation>

        <operation error="log">
            <search position="before"><![CDATA[
                $quote_data[$result['code']]
            ]]>
            </search>
            <add><![CDATA[
                if ($this->config->get('simple_childs_payment_first') && is_array($quote['quote'])) {
                    $new_quote = array();

                    foreach ($quote['quote'] as $k => $v) {
                        if (array_key_exists($v['code'], $simple_links)) {
                            $for_payment_methods_new = explode(",",$simple_links[$v['code']]);

                            if (in_array($payment_method_code,$for_payment_methods_new)) {
                                $new_quote[$k] = $v;
                            }
                        }
                    }

                    if (!empty($new_quote)) {
                        $quote['quote'] = $new_quote;
                    }
                }
            ]]>
            </add>
        </operation>

        <operation error="log">
            <search position="replace"><![CDATA[
                $this->data['shipping_method'] = $first_method;
            ]]>
            </search>
            <add><![CDATA[
                if (!isset($first_method['error']) or (isset($first_method['error']) and $first_method['error'] == 0)) {
                    $this->data['shipping_method'] = $first_method;
                }
            ]]>
            </add>
        </operation>
    </file>

    <file path="catalog/controller/checkout/" name="simplecheckout.php,simplecheckout_cart.php">
        <operation error="log">
            <search position="before"><![CDATA[
                array_multisort($sort_order, SORT_ASC, $total_data);
            ]]>
            </search>
            <add><![CDATA[
                if (isset($this->session->data['shipping_method']['text']) and !empty($this->session->data['shipping_method']['text'])) {
                    foreach ($total_data as $k => $v) {
                        if ($v['code'] == 'shipping') {
                            $total_data[$k]['text'] = $this->session->data['shipping_method']['text'];
                        }
                    }
                }
            ]]>
            </add>
        </operation>
    </file>
    <!--// Simple -->

</modification>

