<modification>
    <id>Delivery Plus and Russian Post For SuperCheckout</id>
    <version>1.0</version>
    <vqmver>2.4.1</vqmver>
    <author>louise170 (louise@ya.ru)</author>

    <!-- SuperCheckout и SuperCheckoutPRO -->
    <file path="catalog/controller/supercheckout*/" name="supercheckout*.php,confirm.php">
        <operation error="skip">
            <search position="before"><![CDATA[
                array_multisort($sort_order, SORT_ASC, $total_data);
            ]]>
            </search>
            <add><![CDATA[
                if (isset($this->session->data['shipping_method']['text']) and !empty($this->session->data['shipping_method']['text'])) {
                    foreach ($total_data as $k => $v) {
                        if ($v['code'] == 'shipping') {
                            $total_data[$k]['text'] = $this->session->data['shipping_method']['text'];
                        }
                    }
                }
            ]]>
            </add>
        </operation>
    </file>

    <file name="catalog/view/theme/*/template/supercheckout*/shipping_method.tpl">
        <operation error="skip">
            <ignoreif><![CDATA[
                <img src="<?php echo $quote['image'];?>"/>
            ]]>
            </ignoreif>
            <search position="replace">
                <![CDATA[
                echo $quote['title'];
            ]]>
            </search>
            <add>
                <![CDATA[
                if (isset($quote['image']) and !empty($quote['image']) ) {
                ?>
                    <img src="<?php echo $quote['image'];?>"/>
                <?php
                    echo '<span style="vertical-align:50px;">'.$quote['title'].'</span>';
                }
                else {
                    echo $quote['title'];
                }

                if (isset($quote['error']) and $quote['error'] != false and $quote['error'] != true) {
                    echo '<br/>'.$quote['error'];
                }
            ]]>
            </add>
        </operation>

        <operation error="skip">
            <ignoreif><![CDATA[
                <input type="radio" name="shipping_method" class=""
            ]]>
            </ignoreif>
            <search position="replace">
                <![CDATA[
                <input type="radio" name="shipping_method"
            ]]>
            </search>
            <add><![CDATA[
                <?php if (isset($quote['error']) and $quote['error'] != false) {
                    ?><input type="radio" name="shipping_method" class="" disabled="disabled" <?php
                } else {
                ?><input type="radio" name="shipping_method" class="" <?php
                }?>
            ]]>
            </add>
        </operation>

        <operation error="skip">
            <search position="after" index="2"><![CDATA[
                </tr>
            ]]>
            </search>
            <add><![CDATA[
                <?php if (!empty($quote['description']) and $quote['description'] != '<p><br></p>') { ?>
                    <tr>
                        <td class="code">
                        </td>
                        <td class="title">
                            <label for="<?php echo $quote['code']; ?>"><?php echo $quote['description']; ?></label>
                        </td>
                        <td class="quote">
                        </td>
                    </tr>
                <?php } ?>
            ]]>
            </add>
        </operation>
    </file>
    <!--// SuperCheckout и SuperCheckoutPRO -->

</modification>

