<modification>
    <id>Delivery Plus and Russian Post For Fastorder</id>
    <version>1.0</version>
    <vqmver>2.4.1</vqmver>
    <author>louise170 (louise@ya.ru)</author>

    <!-- Fastorder -->
    <file name="catalog/view/theme/*/template/checkout/fastorder/fastorder.tpl">
        <operation error="log">
            <search position="replace"><![CDATA[
                echo $quote['title'];
            ]]>
            </search>
            <add><![CDATA[
                if (isset($quote['image']) and !empty($quote['image']) ) { ?>
                    <img src="<?php echo $quote['image'];?>" />
                <?php
                }

                echo $quote['title'];

                if (isset($quote['error']) and $quote['error'] != false and $quote['error'] != true) {
                    echo '<br/>'.$quote['error'];
                }
            ]]>
            </add>
        </operation>

        <operation error="log">
            <search position="replace"><![CDATA[
                <?php foreach ($shipping_method['quote'] as $quote) { ?>
            ]]>
            </search>
            <add><![CDATA[
                <?php foreach ($shipping_method['quote'] as $quote) {
                    if (isset($quote['error']) and $quote['error'] == true) {
                        $local_class = ' class="" disabled="disabled" ';
                    }
                    else {
                        $local_class = "";
                    }
                ?>
                ]]>
            </add>
        </operation>

        <operation error="log">
            <search position="replace"><![CDATA[
                <input type="radio" name="shipping_method" value="<?php echo $quote['code']; ?>"
            ]]>
            </search>
            <add><![CDATA[
                <input type="radio" name="shipping_method" value="<?php echo $quote['code']; ?>" <?php echo $local_class; ?>
            ]]>
            </add>
        </operation>

        <operation error="log">
            <search position="replace"><![CDATA[
                <?php echo $quote['text']; ?></label>
            ]]>
            </search>
            <add><![CDATA[
                <?php echo $quote['text']; ?> </label>

                <?php if (!empty($quote['description']) and $quote['description'] != '<p><br></p>') { ?>
                    <br/><label for="<?php echo $quote['code']; ?>"><?php echo $quote['description']; ?></label>
                <?php } ?>
            ]]>
            </add>
        </operation>
    </file>

    <file name="catalog/controller/checkout/fastorder/fastorder.php">
        <operation error="skip">
            <search position="before"><![CDATA[
                array_multisort($sort_order, SORT_ASC, $total_data);
            ]]>
            </search>
            <add><![CDATA[
                if (isset($this->session->data['shipping_method']['text']) and !empty($this->session->data['shipping_method']['text'])) {
                    foreach ($total_data as $k => $v) {
                        if ($v['code'] == 'shipping') {
                            $total_data[$k]['text'] = $this->session->data['shipping_method']['text'];
                        }
                    }
                }
            ]]>
            </add>
        </operation>
    </file>

    <file name="catalog/controller/checkout/fastorder/confirm.php">
        <operation error="skip">
            <search position="before"><![CDATA[
                array_multisort($sort_order, SORT_ASC, $order_data['totals']);
            ]]>
            </search>
            <add><![CDATA[
                if (isset($this->session->data['shipping_method']['text']) and !empty($this->session->data['shipping_method']['text'])) {
                    foreach ($order_data['totals'] as $k => $v) {
                        if ($v['code'] == 'shipping') {
                            $order_data['totals'][$k]['text'] = $this->session->data['shipping_method']['text'];
                        }
                    }
                }
            ]]>
            </add>
        </operation>
    </file>
    <!--// Fastorder -->

</modification>

