<modification>
    <id>Delivery Plus and Russian Post For ajax_quickcheckout_lite</id>
    <version>1.0</version>
    <vqmver>2.4.1</vqmver>
    <author>louise170 (louise@ya.ru)</author>

    <!-- ajax_quickcheckout_lite -->
    <file name="catalog/view/theme/*/template/quickcheckout/shipping_method.tpl">
        <operation error="log">
            <ignoreif><![CDATA[
                <img src="'.$quote['image'].'" class="shipping-image"
            ]]>
            </ignoreif>
            <search position="replace"><![CDATA[
                <label for="<?php echo $quote['code']; ?>">
            ]]>
            </search>
            <add><![CDATA[<label for="<?php echo $quote['code']; ?>"><?php
                if (isset($quote['image']) and !empty($quote['image']) ) {
                    echo '<img src="'.$quote['image'].'" class="shipping-image" />';
                }
                ?>
            ]]>
            </add>
        </operation>

        <operation error="log">
            <ignoreif><![CDATA[
                $local_class = "";
            ]]>
            </ignoreif>
            <search position="after"><![CDATA[
                <?php foreach ($shipping_method['quote'] as $quote) { ?>
            ]]>
            </search>
            <add><![CDATA[
                <?php
                if (isset($quote['error']) and $quote['error'] == true) {
                    $local_class = ' class="" disabled="disabled" ';
                }
                else {
                    $local_class = "";
                }
                ?>
                ]]>
            </add>
        </operation>

        <operation error="log">
            <search position="replace"><![CDATA[
                <input type="radio" name="shipping_method" value="<?php echo $quote['code']; ?>" id="<?php echo $quote['code']; ?>"
            ]]>
            </search>
            <add><![CDATA[<input type="radio" name="shipping_method" value="<?php echo $quote['code']; ?>" id="<?php echo $quote['code']; ?>" <?php echo $local_class; ?>]]></add>
        </operation>

        <operation error="log">
            <search position="replace"><![CDATA[
                <option  value="<?php echo $quote['code']; ?>" id="<?php echo $quote['code']; ?>"
            ]]>
            </search>
            <add><![CDATA[<option  value="<?php echo $quote['code']; ?>" id="<?php echo $quote['code']; ?>" <?php echo $local_class; ?>]]></add>
        </operation>

        <operation error="log">
            <search position="replace"><![CDATA[
                </span></label>
            ]]>
            </search>
            <add><![CDATA[</span></label>

                <?php if (!empty($quote['description']) and ((isset($quote['show_description']) and (($quote['code'] == $code and $quote['show_description'] == 1) or $quote['show_description'] == 2)) or !isset($quote['show_description']))) { ?>
                    <p><?php echo $quote['description']; ?></p>
                <?php
                }

                if (isset($quote['error']) and $quote['error'] != false and $quote['error'] != true) {
                    echo '<br/>'.$quote['error'];
                }
                ?>
            ]]>
            </add>
        </operation>
    </file>
    <!-- // ajax_quickcheckout_lite -->

</modification>

