<modification>
    <name>Delivery Plus and Russian Post for Maxystore</name>
    <code>LouiseDPandPRForMaxystore</code>
    <version>1.0</version>
    <author>louise170 (louise@ya.ru)</author>
    <link><![CDATA[]]></link>

    <!-- quick_checkout - Maxystore -->
    <file path="catalog/view/theme/*/template/checkout/quick/shipping_method.tpl">
        <operation error="log">
            <search><![CDATA[
                echo $quote['title'];
            ]]>
            </search>
            <add position="replace"><![CDATA[
                if (isset($quote['image']) and !empty($quote['image']) ) { ?>
                    <img src="<?php echo $quote['image'];?>" />
                <?php
                }

                echo $quote['title'];

                if (isset($quote['error']) and $quote['error'] != false and $quote['error'] != true) {
                    echo '<br/>'.$quote['error'];
                }
            ]]>
            </add>
        </operation>

        <operation error="log">
            <search><![CDATA[
                foreach ($shipping_method['quote'] as $quote) {
            ]]>
            </search>
            <add position="replace"><![CDATA[
                foreach ($shipping_method['quote'] as $quote) {
                    if (isset($quote['error']) and $quote['error'] == true) {
                        $local_class = ' class="" disabled="disabled" ';
                    }
                    else {
                        $local_class = "";
                    }
                ]]>
            </add>
        </operation>

        <operation error="log">
            <search><![CDATA[
                <input type="radio" name="shipping_method" value="<?php echo $quote['code']; ?>" checked="checked"
            ]]>
            </search>
            <add position="replace"><![CDATA[
                <input type="radio" name="shipping_method" value="<?php echo $quote['code']; ?>" checked="checked" <?php echo $local_class; ?>
            ]]>
            </add>
        </operation>

        <operation error="log">
            <search><![CDATA[
                <?php echo $quote['text']; ?></label>
            ]]>
            </search>
            <add position="replace"><![CDATA[
                <?php echo $quote['text']; ?> </label>

                <?php if (!empty($quote['description']) and ((isset($quote['show_description']) and (($quote['code'] == $code and $quote['show_description'] == 1) or $quote['show_description'] == 2)) or !isset($quote['show_description']))) { ?>
                    <br/><label for="<?php echo $quote['code']; ?>"><?php echo $quote['description']; ?></label>
                <?php } ?>
            ]]>
            </add>
        </operation>
    </file>
    <!-- // quick_checkout - Maxystore -->

</modification>

