<modification>
    <name>Delivery Plus and Russian Post for Fastorder</name>
    <code>LouiseDPandPRForFastorder</code>
    <version>1.0</version>
    <author>louise170 (louise@ya.ru)</author>
    <link><![CDATA[]]></link>

    <!-- Fastorder и Fastorder2 -->
    <file path="catalog/view/theme/*/template/checkout/{fastorder,oct_fastorder}/{fastorder,shipping_method}.tpl">
        <operation error="log">
            <search><![CDATA[
                <?php echo $quote['title']; ?> - <?php echo $quote['text']; ?>
            ]]>
            </search>
            <add position="replace"><![CDATA[<?php
                if (isset($quote['image']) and !empty($quote['image']) ) { ?>
                    <img src="<?php echo $quote['image'];?>" />
                <?php
                }

                echo $quote['title']; ?> - <?php echo $quote['text'];

                if (isset($quote['error']) and $quote['error'] != false and $quote['error'] != true) {
                    echo '<br/>'.$quote['error'];
                }

                if (!empty($quote['description']) and ((isset($quote['show_description']) and (($quote['code'] == $code and $quote['show_description'] == 1) or $quote['show_description'] == 2)) or !isset($quote['show_description']))) { ?>
                    <br/><div class="dostavkaplus"><?php echo $quote['description']; ?></div>
                <?php } ?>
            ]]>
            </add>
        </operation>

        <operation error="log">
            <search><![CDATA[
                <?php echo $shipping_method['title']; ?>
            ]]>
            </search>
            <add position="before"><![CDATA[
                <?php if (isset($quote['image']) and !empty($quote['image']) ) { ?>
                    <img src="<?php echo $quote['image'];?>" />
                <?php
                }
                ?>
            ]]>
            </add>
        </operation>

        <operation error="log">
            <search><![CDATA[
                <?php if (!empty($quote['description'])) { ?>
            ]]>
            </search>
            <add position="replace"><![CDATA[
                <?php if (isset($quote['error']) and $quote['error'] != false and $quote['error'] != true) {
                    echo '<br/>'.$quote['error'];
                }

                if (!empty($quote['description']) and ((isset($quote['show_description']) and (($quote['code'] == $code and $quote['show_description'] == 1) or $quote['show_description'] == 2)) or !isset($quote['show_description']))) { ?>
            ]]>
            </add>
        </operation>

        <operation error="log">
            <search><![CDATA[
                <?php echo $quote['description']; ?>
            ]]>
            </search>
            <add position="replace"><![CDATA[
                <br/><div class="dostavkaplus"><?php echo $quote['description']; ?></div>
            ]]>
            </add>
        </operation>

        <operation error="log">
            <search><![CDATA[
                <?php foreach ($shipping_method['quote'] as $quote) { ?>
            ]]>
            </search>
            <add position="replace"><![CDATA[
                <?php foreach ($shipping_method['quote'] as $quote) {
                    if (isset($quote['error']) and $quote['error'] == true) {
                        $local_class = ' class="" disabled="disabled" ';
                    }
                    else {
                        $local_class = "";
                    }
                ?>
                ]]>
            </add>
        </operation>

        <operation error="log">
            <search><![CDATA[
                <input type="radio" name="shipping_method" value="<?php echo $quote['code']; ?>"
            ]]>
            </search>
            <add position="replace"><![CDATA[<input type="radio" name="shipping_method" value="<?php echo $quote['code']; ?>" <?php echo $local_class; ?>]]>
            </add>
        </operation>
    </file>

    <file path="catalog/controller/checkout/fastorder/fastorder.php">
        <operation error="skip">
            <search><![CDATA[
                array_multisort($sort_order, SORT_ASC, $total_data);
            ]]>
            </search>
            <add position="before"><![CDATA[
                if (isset($this->session->data['shipping_method']['text']) and !empty($this->session->data['shipping_method']['text'])) {
                    foreach ($total_data as $k => $v) {
                        if ($v['code'] == 'shipping') {
                            $total_data[$k]['text'] = $this->session->data['shipping_method']['text'];
                        }
                    }
                }
            ]]>
            </add>
        </operation>
    </file>

    <file path="catalog/controller/checkout/oct_fastorder.php">
        <operation error="skip">
            <search><![CDATA[
                array_multisort($sort_order, SORT_ASC, $total_data);
            ]]>
            </search>
            <add position="before"><![CDATA[
                if (isset($this->session->data['shipping_method']['text']) and !empty($this->session->data['shipping_method']['text'])) {
                    foreach ($total_data as $k => $v) {
                        if ($v['code'] == 'shipping') {
                            $total_data[$k]['text'] = $this->session->data['shipping_method']['text'];
                        }
                    }
                }
            ]]>
            </add>
        </operation>
    </file>


    <file path="catalog/controller/checkout/fastorder/confirm.php">
        <operation error="skip">
            <search><![CDATA[
                array_multisort($sort_order, SORT_ASC, $order_data['totals']);
            ]]>
            </search>
            <add position="before"><![CDATA[
                if (isset($this->session->data['shipping_method']['text']) and !empty($this->session->data['shipping_method']['text'])) {
                    foreach ($order_data['totals'] as $k => $v) {
                        if ($v['code'] == 'shipping') {
                            $order_data['totals'][$k]['text'] = $this->session->data['shipping_method']['text'];
                        }
                    }
                }
            ]]>
            </add>
        </operation>
    </file>
    <!--// Fastorder 1 и  Fastorder 2 -->
	
</modification>

