<modification>
    <name>Delivery Plus and Russian Post for Journal2</name>
    <code>LouiseDPandPRForJournal2</code>
    <version>1.0</version>
    <author>louise170 (louise@ya.ru)</author>
    <link><![CDATA[]]></link>

    <!-- journal2 -->
    <file path="catalog/view/theme/journal2/template/journal2/checkout/shipping_methods.tpl">
        <operation error="log">
            <search><![CDATA[
                <?php echo $quote['title']; ?>
            ]]>
            </search>
            <add position="replace"><![CDATA[
                <?php if (isset($quote['image']) and !empty($quote['image']) ) { ?>
                    <img src="<?php echo $quote['image'];?>" />
                <?php
                }

                echo $quote['title'];

                if (isset($quote['error']) and $quote['error'] != false and $quote['error'] != true) {
                    echo '<br/>'.$quote['error'];
                }
                ?>
            ]]>
            </add>
        </operation>

        <operation error="log">
            <search><![CDATA[
                <?php foreach ($shipping_method['quote'] as $quote) { ?>
            ]]>
            </search>
            <add position="replace"><![CDATA[
                <?php foreach ($shipping_method['quote'] as $quote) {
                    if (isset($quote['error']) and $quote['error'] == true) {
                        $local_class = ' class="" disabled="disabled" ';
                    }
                    else {
                        $local_class = "";
                    }
                ?>
                ]]>
            </add>
        </operation>

        <operation error="log">
            <search><![CDATA[<input type="radio" name="shipping_method" value="<?php echo $quote['code']; ?>"]]>
            </search>
            <add position="replace"><![CDATA[<input type="radio" name="shipping_method" value="<?php echo $quote['code']; ?>" <?php echo $local_class; ?>]]>
            </add>
        </operation>

        <operation error="log">
            <search><![CDATA[
                <?php echo $quote['text']; ?></label>
            ]]>
            </search>
            <add position="replace"><![CDATA[
                <?php echo $quote['text']; ?>

                <?php if (!empty($quote['description']) and ((isset($quote['show_description']) and (($quote['code'] == $code and $quote['show_description'] == 1) or $quote['show_description'] == 2)) or !isset($quote['show_description']))) { ?>
                    <br/><div class="dostavkaplus"><?php echo $quote['description']; ?></div>
                <?php } ?>
                </label>
            ]]>
            </add>
        </operation>
    </file>

    <file path="catalog/controller/journal2/checkout.php">
        <operation error="skip">
            <search><![CDATA[
                array_multisort($sort_order, SORT_ASC, $order_data['totals']);
            ]]>
            </search>
            <add position="before"><![CDATA[
                if (isset($this->session->data['shipping_method']['text']) and !empty($this->session->data['shipping_method']['text'])) {
                    foreach ($order_data['totals'] as $k => $v) {
                        if ($v['code'] == 'shipping') {
                            $order_data['totals'][$k]['text'] = $this->session->data['shipping_method']['text'];
                        }
                    }
                }
            ]]>
            </add>
        </operation>
    </file>
    <!--// journal2 -->
	
</modification>

