<modification>
    <name>Delivery Plus and Russian Post for Simple</name>
    <code>LouiseDPandPRForSimple</code>
    <version>1.2</version>
    <author>louise170 (louise@ya.ru)</author>
    <link><![CDATA[]]></link>

    <!-- SIMPLE -->
    <file path="catalog/view/theme/*/template/checkout/simplecheckout_shipping.tpl">
		<operation error="log">
            <search><![CDATA[<?php if (!empty($quote['description'])) { ?>]]>
            </search>
            <add position="before"><![CDATA[
				<?php if (!empty($quote['warning'])) { ?>
                        <div class="simplecheckout-error-text"><?php echo $quote['warning']; ?></div>
                <?php } ?>
				]]>
            </add>
        </operation>
		
        <operation error="log">
            <search><![CDATA[
                <?php echo $quote['title']; ?>
            ]]>
            </search>
            <add position="replace"><![CDATA[<?php echo $quote['title']; ?>
                <?php if (isset($quote['error']) and $quote['error'] != false and $quote['error'] != true) {
                    echo '<br/>'.$quote['error'];
                }
				?>]]>
            </add>
        </operation>

        <operation error="log">
            <search><![CDATA[
				<?php if (!empty($quote['img'])) { ?>
            ]]>
            </search>
            <add position="before"><![CDATA[
				<?php if (isset($quote['image']) and !empty($quote['image']) ) {
                    $quote['img'] = $quote['image'];
                } ?>
            ]]>
            </add>
        </operation>

        <operation error="log">
            <search><![CDATA[
				<input type="radio" data-onchange="reloadAll" name="shipping_method"
            ]]>
            </search>
            <add position="replace"><![CDATA[
				<input type="radio" data-onchange="reloadAll" class="" name="shipping_method" <?php if (isset($quote['error']) and $quote['error'] != false) { ?> disabled="disabled" <?php } ?>
            ]]>
            </add>
        </operation>

        <operation>
            <search position="replace"><![CDATA[
                if (!empty($quote['description'])) {
            ]]>
            </search>
            <add error="log"><![CDATA[
                if (!empty($quote['description']) and $quote['description'] != '<p><br></p>' and ((isset($quote['show_description']) and (($quote['code'] == $code and $quote['show_description'] == 1) or $quote['show_description'] == 2)) or !isset($quote['show_description']))) {
            ]]>
            </add>
        </operation>
    </file>

    <file path="catalog/controller/checkout/simplecheckout_shipping.php">
        <operation error="log">
            <search><![CDATA[
                $quote_data[$result['code']]
            ]]>
            </search>
            <add position="before"><![CDATA[
                if ($this->config->get('simple_childs_payment_first') && is_array($quote['quote'])) {
                    $new_quote = array();

                    foreach ($quote['quote'] as $k => $v) {
                        if (array_key_exists($v['code'], $simple_links)) {
                            $for_payment_methods_new = explode(",",$simple_links[$v['code']]);

                            if (in_array($payment_method_code,$for_payment_methods_new)) {
                                $new_quote[$k] = $v;
                            }
                        }
                    }

                    if (!empty($new_quote)) {
                        $quote['quote'] = $new_quote;
                    }
                }
            ]]>
            </add>
        </operation>

        <operation error="log">
            <search><![CDATA[
                $this->data['shipping_method'] = $first_method;
            ]]>
            </search>
            <add position="replace"><![CDATA[
                if (!isset($first_method['error']) or (isset($first_method['error']) and $first_method['error'] == 0)) {
                    $this->data['shipping_method'] = $first_method;
                }
            ]]>
            </add>
        </operation>
		
		<operation error="log">
            <search><![CDATA[if (!empty($quote)) {]]>
            </search>
            <add position="replace"><![CDATA[if (1 == 1) {]]>
            </add>
        </operation>
		
		<!--operation error="log">
            <search><![CDATA[$quote = $this->simplecheckout->prepareShippingMethods($quote);]]>
            </search>
            <add position="replace"><![CDATA[//$quote = $this->simplecheckout->prepareShippingMethods($quote);]]>
            </add>
        </operation-->
    </file>

    <file path="catalog/controller/checkout/{simplecheckout,simplecheckout_cart}.php">
        <operation error="log">
            <search><![CDATA[
                array_multisort($sort_order, SORT_ASC, $total_data);
            ]]>
            </search>
            <add position="before"><![CDATA[
                if (isset($this->session->data['shipping_method']['text']) and !empty($this->session->data['shipping_method']['text'])) {
                    foreach ($total_data as $k => $v) {
                        if ($v['code'] == 'shipping') {
                            $total_data[$k]['text'] = $this->session->data['shipping_method']['text'];
                        }
                    }
                }
            ]]>
            </add>
        </operation>
    </file>
    <!--// Simple -->
	
</modification>

