<modification>
    <name>Delivery Plus and Russian Post for Quickcheckout</name>
    <code>LouiseDPandPRForQuickcheckout</code>
    <version>1.0</version>
    <author>louise170 (louise@ya.ru)</author>
    <link><![CDATA[]]></link>

    <!-- quickcheckout -->
    <file path="catalog/view/theme/*/template/quickcheckout/shipping_method.tpl">
        <operation error="log">
            <search><![CDATA[
                <label for="<?php echo $quote['code']; ?>"><?php echo $quote['title']; ?></label>
            ]]>
            </search>
            <add position="replace"><![CDATA[
                <label for="<?php echo $quote['code']; ?>"><?php
                if (isset($quote['image']) and !empty($quote['image']) ) { ?>
                    <img src="<?php echo $quote['image'];?>" />
                <?php
                }
                ?><?php echo $quote['title']; ?></label>

                <?php
                if (isset($quote['error']) and $quote['error'] != false and $quote['error'] != true) {
                    echo '<br/>'.$quote['error'];
                }

                if (!empty($quote['description']) and ((isset($quote['show_description']) and (($quote['code'] == $code and $quote['show_description'] == 1) or $quote['show_description'] == 2)) or !isset($quote['show_description']))) { ?>
                    <br/><div class="dostavkaplus"><?php echo $quote['description']; ?></div>
                <?php } ?>
            ]]>
            </add>
        </operation>

        <operation error="log">
            <search><![CDATA[
                <?php foreach ($shipping_method['quote'] as $quote) { ?>
            ]]>
            </search>
            <add position="replace"><![CDATA[
                <?php foreach ($shipping_method['quote'] as $quote) {
                    if (isset($quote['error']) and $quote['error'] == true) {
                        $local_class = ' class="" disabled="disabled" ';
                    }
                    else {
                        $local_class = "";
                    }
                ?>
                ]]>
            </add>
        </operation>

        <operation error="log">
            <search><![CDATA[<input type="radio" name="shipping_method"]]>
            </search>
            <add position="replace"><![CDATA[<input type="radio" name="shipping_method" <?php echo $local_class; ?> ]]>
            </add>
        </operation>
    </file>

    <file path="catalog/controller/quickcheckout/confirm.php">
        <operation error="log">
            <search><![CDATA[
                array_multisort($sort_order, SORT_ASC, $order_data['totals']);
            ]]>
            </search>
            <add position="before"><![CDATA[
                if (isset($this->session->data['shipping_method']['text']) and !empty($this->session->data['shipping_method']['text'])) {
                    foreach ($order_data['totals'] as $k => $v) {
                        if ($v['code'] == 'shipping') {
                            $order_data['totals'][$k]['text'] = $this->session->data['shipping_method']['text'];
                        }
                    }
                }
            ]]>
            </add>
        </operation>
    </file>
    <!--// quickcheckout -->
	
</modification>

