<modification>
    <name>Delivery Plus and Russian Post for SuperCheckout</name>
    <code>LouiseDPandPRForSuperCheckout</code>
    <version>1.0</version>
    <author>louise170 (louise@ya.ru)</author>
    <link><![CDATA[]]></link>

    <!-- SuperCheckout и SuperCheckoutPRO -->
    <file path="catalog/controller/supercheckout*/{supercheckout*,confirm}.php">
        <operation error="skip">
            <search><![CDATA[
                array_multisort($sort_order, SORT_ASC, $total_data);
            ]]>
            </search>
            <add position="before"><![CDATA[
                if (isset($this->session->data['shipping_method']['text']) and !empty($this->session->data['shipping_method']['text'])) {
                    foreach ($total_data as $k => $v) {
                        if ($v['code'] == 'shipping') {
                            $total_data[$k]['text'] = $this->session->data['shipping_method']['text'];
                        }
                    }
                }
            ]]>
            </add>
        </operation>
    </file>

    <file path="catalog/view/theme/*/template/supercheckout*/shipping_method.tpl">
        <operation error="skip">
            <search><![CDATA[
                <?php echo $quote['title']; ?>
            ]]>
            </search>
            <add position="replace"><![CDATA[
				<?php
                if (isset($quote['image']) and !empty($quote['image']) ) {
                ?>
                    <img src="<?php echo $quote['image'];?>"/>
                <?php
                    echo '<span style="vertical-align:50px;">'.$quote['title'].'</span>';
                }
                else {
                    echo $quote['title'];
                }

                if (isset($quote['error']) and $quote['error'] != false and $quote['error'] != true) {
                    echo '<br/>'.$quote['error'];
                }
				?>
            ]]>
            </add>
        </operation>

        <operation error="skip">
            <search><![CDATA[
                <input type="radio" name="shipping_method"
            ]]>
            </search>
            <add position="replace"><![CDATA[
                <input type="radio" class="" name="shipping_method" <?php if (isset($quote['error']) and $quote['error'] != false) { ?>disabled="disabled" <?php } ?>
            ]]>
            </add>
        </operation>

        <operation error="skip">
            <search><![CDATA[
                <?php echo $quote['text']; ?></label>
            ]]>
            </search>
            <add position="replace"><![CDATA[
                <?php echo $quote['text']; ?> </label>

                <?php if (!empty($quote['description']) and ((isset($quote['show_description']) and (($quote['code'] == $code and $quote['show_description'] == 1) or $quote['show_description'] == 2)) or !isset($quote['show_description']))) { ?>
                    <br/><label><?php echo $quote['description']; ?></label>
                <?php } ?>
            ]]>
            </add>
        </operation>
    </file>
    <!--// SuperCheckout и SuperCheckoutPRO -->
	
</modification>

