<modification>
    <name>Fix Totals для Опенкарта 2.2.0.0</name>
    <code>LouiseFixTotalsForOpenCart2200</code>
    <version>1.1</version>
    <author>louise170 (louise@ya.ru)</author>
    <link><![CDATA[]]></link>

    <file path="catalog/model/total/total.php">
        <operation error="log">
            <search><![CDATA[
                $total['totals'][] = array(
            ]]>
            </search>
            <add position="before"><![CDATA[
                if (!isset($total['total'])) {
                    $total['total'] = 0;
                }
            ]]>
            </add>
        </operation>
    </file>

    <file path="catalog/model/total/sub_total.php">
        <operation error="log">
            <search><![CDATA[
                $total['total'] += $sub_total;
            ]]>
            </search>
            <add position="replace"><![CDATA[
                if (isset($total['total'])) {
                    $total['total'] += $sub_total;
                }
                else {
                    $total['total'] = $sub_total;
                }
            ]]>
            </add>
        </operation>
    </file>

    <file path="catalog/model/total/tax.php">
        <operation error="log">
            <search><![CDATA[
                foreach ($total['taxes'] as $key => $value) {
            ]]>
            </search>
            <add position="before"><![CDATA[
            if (isset($total['taxes']) and count($total['taxes']) > 0) {

            ]]>
            </add>
        </operation>

        <operation error="log">
            <search><![CDATA[
                $total['total'] += $value;
            ]]>
            </search>
            <add position="replace"><![CDATA[
                    if (isset($total['total'])) {
                        $total['total'] += $value;
                    }
                    else {
                        $total['total'] = $value;
                    }
                }
            ]]>
            </add>
        </operation>
    </file>

    <file path="catalog/model/total/credit.php">
        <operation error="log">
            <search><![CDATA[
                $total['total'] -= $credit;
            ]]>
            </search>
            <add position="replace"><![CDATA[
                if (isset($total['total'])) {
                    $total['total'] -= $credit;
                }
                else {
                    $total['total'] = -$credit;
                }
            ]]>
            </add>
        </operation>
    </file>

    <file path="catalog/model/total/klarna_fee.php">
        <operation error="log">
            <search><![CDATA[
                $total['total'] += $klarna_fee[$address['iso_code_3']]['fee'];
            ]]>
            </search>
            <add position="replace"><![CDATA[
                if (isset($total['total'])) {
                    $total['total'] += $klarna_fee[$address['iso_code_3']]['fee'];
                }
                else {
                    $total['total'] = $klarna_fee[$address['iso_code_3']]['fee'];
                }
            ]]>
            </add>
        </operation>
    </file>

    <file path="catalog/model/total/low_order_fee.php">
        <operation error="log">
            <search><![CDATA[
                $total['total'] += $this->config->get('low_order_fee_fee');
            ]]>
            </search>
            <add position="replace"><![CDATA[
                if (isset($total['total'])) {
                    $total['total'] += $this->config->get('low_order_fee_fee');
                }
                else {
                    $total['total'] = $this->config->get('low_order_fee_fee');
                }
            ]]>
            </add>
        </operation>
    </file>

    <file path="catalog/model/total/reward.php">
        <operation error="log">
            <search><![CDATA[
                $total['total'] -= $discount_total;
            ]]>
            </search>
            <add position="replace"><![CDATA[
                if (isset($total['total'])) {
                    $total['total'] -= $discount_total;
                }
                else {
                    $total['total'] = -$discount_total;
                }
            ]]>
            </add>
        </operation>
    </file>

    <file path="catalog/model/total/shipping.php">
        <operation error="log">
            <search><![CDATA[
                $total['total'] += $this->session->data['shipping_method']['cost'];
            ]]>
            </search>
            <add position="replace"><![CDATA[
                if (isset($total['total'])) {
                    $total['total'] += $this->session->data['shipping_method']['cost'];
                }
                else {
                    $total['total'] = $this->session->data['shipping_method']['cost'];
                }
            ]]>
            </add>
        </operation>
    </file>

	<file path="system/library/cart/currency.php">
        <operation error="log">
            <search><![CDATA[
                public function format($number, $currency, $value = '', $format = true) {
            ]]>
            </search>
            <add position="replace"><![CDATA[
				public function format($number, $currency = '', $value = '', $format = true) {
					if (empty($currency)) {
						$currency = $this->config->get('config_currency');
					}
            ]]>
            </add>
        </operation>
		
		<operation error="log">
            <search><![CDATA[
                $this->language = $registry->get('language');
            ]]>
            </search>
            <add position="after"><![CDATA[
				$this->config = $registry->get('config');
            ]]>
            </add>
        </operation>
    </file>
	
</modification>