<?xml version="1.0" encoding="utf-8"?>
<modification>
    <code>easy_blog_pro</code>
    <name>Easy Blog Pro for OC2</name>
    <version>2.2.2017.01.13_OC23</version>
    <author>CarAn</author>
    	
	<file path="admin/controller/common/column_left.php">
        <operation>
            <search trim="true" index="0"><![CDATA[
			// Marketing
            ]]></search>
            <add position="before" trim="false" offset="0"><![CDATA[
				$blog = array();
			if ($this->user->hasPermission('access', 'blog/blog_category')) {
				$blog[] = array(
					'name'	   => $this->language->get('text_blog_categories'),
					'href'     => $this->url->link('blog/blog_category', 'token=' . $this->session->data['token'], true),
					'children' => array()
				);
			}
			if ($this->user->hasPermission('access', 'blog/article')) {
				$blog[] = array(
					'name'	   => $this->language->get('text_blog_article'),
					'href'     => $this->url->link('blog/article', 'token=' . $this->session->data['token'], true),
					'children' => array()
				);
			}
			if ($this->user->hasPermission('access', 'blog/comment')) {
				$blog[] = array(
					'name'	   => $this->language->get('text_blog_comment'),
					'href'     => $this->url->link('blog/comment', 'token=' . $this->session->data['token'], true),
					'children' => array()
				);
			}
			if ($this->user->hasPermission('access', 'blog/setting')) {
				$blog[] = array(
					'name'	   => $this->language->get('text_blog_setting'),
					'href'     => $this->url->link('blog/setting', 'token=' . $this->session->data['token'], true),
					'children' => array()
				);
			}
			if ($blog) {
				$data['menus'][] = array(
					'id'       => 'menu-blog',
					'icon'	   => 'fa-pencil-square-o', 
					'name'	   => $this->language->get('text_blog'),
					'href'     => '',
					'children' => $blog
				);	
			}
            ]]></add>
        </operation>
    </file>
	
	<file path="admin/language/*/common/column_left.php">
        <operation>
            <search trim="true" index="0"><![CDATA[
				$_['text_other_status']
            ]]></search>
            <add position="before" trim="false" offset="0"><![CDATA[
				$_['text_blog']                        = 'Blog';
				$_['text_blog_categories']             = 'Blog categories';
				$_['text_blog_article']                = 'Articles';
				$_['text_blog_comment']                = 'Comments';
				$_['text_blog_setting']                = 'Settings';
            ]]></add>
        </operation>
    </file>
	<file path="catalog/controller/startup/seo_url.php">
        <operation>
            <search trim="true" index="0"><![CDATA[
				foreach ($parts as $part) {
            ]]></search>
            <add position="after" trim="false" offset="0"><![CDATA[
				if ($part == $this->config->get('easy_blog_home_page_seo_url')){
					continue;
				}
            ]]></add>
        </operation>
        <operation>
            <search trim="true" index="0"><![CDATA[
				if ($url[0] == 'product_id') {
            ]]></search>
            <add position="before" trim="false" offset="0"><![CDATA[
				if ($url[0] == 'article_id') {
                        $this->request->get['article_id'] = $url[1];
                    }
				if ($url[0] == 'blog_category_id') {
                        if (!isset($this->request->get['blog_path'])) {
                            $this->request->get['blog_path'] = $url[1];
                        } else {
                            $this->request->get['blog_path'] .= '_' . $url[1];
                        }
                    }
            ]]></add>
        </operation>
		<operation>
            <search trim="true" index="0"><![CDATA[
				$url[0] != 'category_id' && $url[0] != 'product_id'
            ]]></search>
            <add position="replace" trim="false" offset="0"><![CDATA[
				 $url[0] != 'category_id' && $url[0] != 'product_id' && $url[0] != 'article_id' && $url[0] != 'blog_category_id'
            ]]></add>
        </operation>
        <operation>
            <search trim="true" index="0"><![CDATA[
				if (!isset($this->request->get['route'])) {
            ]]></search>
            <add position="before" trim="false" offset="0"><![CDATA[
            if ($this->config->get('easy_blog_home_page_seo_url') && ($this->request->get['_route_']) == $this->config->get('easy_blog_home_page_seo_url') && (!isset($this->request->get['article_id']))){
				$this->request->get['route'] = 'blog/blog';
			}
            ]]></add>
        </operation>
        <operation>
            <search trim="true" index="0"><![CDATA[
				} elseif (isset($this->request->get['path'])) {
            ]]></search>
            <add position="before" trim="false" offset="0"><![CDATA[
				} elseif (isset($this->request->get['article_id'])) {
                    $this->request->get['route'] = 'blog/article';
                } elseif (isset($this->request->get['blog_path'])) {
                    $this->request->get['route'] = 'blog/blog_category';
            ]]></add>
        </operation>
		<operation>
            <search trim="true" index="0"><![CDATA[
				if (($data['route'] == 'product/product' && $key == 'product_id')
            ]]></search>
            <add position="replace" trim="false" offset="0"><![CDATA[
				 if ((($data['route'] == 'blog/article' && $key == 'article_id') || ($key == 'blog_path') ) && $this->config->get('easy_blog_home_page_seo_url') && $url==''){
					$url .= '/' . $this->config->get('easy_blog_home_page_seo_url');
				}
				 if (($data['route'] == 'product/product' && $key == 'product_id') || ($data['route'] == 'blog/article' && $key == 'article_id')
            ]]></add>
        </operation>
		<operation>
            <search trim="true" index="0"><![CDATA[
				} elseif ($key == 'path') {
            ]]></search>
            <add position="before" trim="false" offset="0"><![CDATA[
				} elseif($data['route'] == 'blog/blog' && $this->config->get('easy_blog_home_page_seo_url')){
					$url .= '/' . $this->config->get('easy_blog_home_page_seo_url');
                    unset($data[$key]);
				} elseif ($key == 'blog_path') {
                    $blog_categories = explode('_', $value);

                    foreach ($blog_categories as $blog_category) {
                        $query = $this->db->query("SELECT * FROM " . DB_PREFIX . "url_alias WHERE `query` = 'blog_category_id=" . (int)$blog_category . "'");

                        if ($query->num_rows && $query->row['keyword']) {
                            $url .= '/' . $query->row['keyword'];
                        } else {
                            $url = '';

                            break;
                        }
                    }

                    unset($data[$key]);
            ]]></add>
        </operation>

    </file>
</modification>
