<modification>
    <name>Delivery Plus</name>
    <code>LouiseDostavkaPlus</code>
    <version>4.0</version>
    <author>louise170 (louise@ya.ru)</author>
    <link><![CDATA[https://opencartforum.com/files/file/1237-доставка-плюс/]]></link>

    <file path="admin/language/russian/russian.php">
        <operation error="log">
            <search><![CDATA[
                <?php
            ]]>
            </search>
            <add position="after"><![CDATA[
                $_['text_image_manager']      = 'Менеджер изображений';
            ]]>
            </add>
        </operation>
    </file>

    <file path="admin/language/english/english.php">
        <operation error="log">
            <search><![CDATA[
                <?php
            ]]>
            </search>
            <add position="after"><![CDATA[
                $_['text_image_manager']      = 'Image Manager';
            ]]>
            </add>
        </operation>
    </file>

    <file path="catalog/model/extension/total/shipping.php">
        <operation error="log">
            <search><![CDATA[
                $total['totals'][] = array(
            ]]>
            </search>
            <add position="after"><![CDATA[
                'text'       => $this->session->data['shipping_method']['text'],
            ]]>
            </add>
        </operation>
    </file>

    <file path="catalog/controller/common/cart.php">
        <operation error="log">
            <search><![CDATA[
                'text'  => $this->currency->format($total['value'], $this->session->data['currency']),
            ]]>
            </search>
            <add position="after"><![CDATA[
                'text'  => isset($total['text']) ? $total['text'] : $this->currency->format($total['value'], $this->session->data['currency']),
            ]]>
            </add>
        </operation>
    </file>

    <file path="catalog/model/checkout/order.php">
        <operation error="log">
            <search><![CDATA[
                public function addOrder($data) {
                ]]>
            </search>
            <add position="before"><![CDATA[
                public function create_fields() {
                    $query = $this->db->query("SHOW COLUMNS FROM " . DB_PREFIX . "order_total WHERE field = 'text'");
                    if (count($query->rows) == 0) {
                        $this->db->query("ALTER TABLE `" . DB_PREFIX . "order_total` ADD COLUMN `text`  varchar(255) CHARACTER SET utf8 COLLATE utf8_general_ci NOT NULL AFTER `sort_order`;");
                    }
                }
            ]]>
            </add>
        </operation>

        <operation error="log">
            <search><![CDATA[
                public function addOrder($data) {
            ]]>
            </search>
            <add position="after"><![CDATA[
                $this->create_fields();
            ]]>
            </add>
        </operation>

        <operation error="log">
            <search><![CDATA[
                public function editOrder($order_id, $data) {
            ]]>
            </search>
            <add position="after"><![CDATA[
                $this->create_fields();
            ]]>
            </add>
        </operation>

        <operation error="log">
            <search><![CDATA[
            foreach ($data['totals'] as $total) {
            ]]>
            </search>
            <add position="after"><![CDATA[
                $wtr = "";
                if (isset($total['text'])) {
                    $wtr = " text = '" . $this->db->escape($total['text']) . "', ";
                }
            ]]>
            </add>
        </operation>

        <operation error="log">
            <search><![CDATA["', title = '"]]>
            </search>
            <add position="replace"><![CDATA["', " . $wtr . " title = '"]]>
            </add>
        </operation>

        <operation error="log">
            <search><![CDATA[
                'text'  => $this->currency->format($total['value'], $order_info['currency_code'], $order_info['currency_value'])
            ]]>
            </search>
            <add position="replace"><![CDATA[
                'text'  => (isset($total['text']) and !empty($total['text'])) ? $total['text'] : $this->currency->format($total['value'], $order_info['currency_code'], $order_info['currency_value'])
            ]]>
            </add>
        </operation>

        <operation error="log">
            <search><![CDATA[
                $text .= $total['title'] . ': ' . html_entity_decode($this->currency->format($total['value'], $order_info['currency_code'], $order_info['currency_value']), ENT_NOQUOTES, 'UTF-8') . "\n";
            ]]>
            </search>
            <add position="replace"><![CDATA[
                if (isset($total['text']) and !empty($total['text'])) {
                    $text .= $total['title'] . ': ' . $total['text'];
                }
                else {
                    $text .= $total['title'] . ': ' . html_entity_decode($this->currency->format($total['value'], $order_info['currency_code'], $order_info['currency_value']), ENT_NOQUOTES, 'UTF-8') . "\n";
                }
            ]]>
            </add>
        </operation>
    </file>

</modification>

