<modification>
    <name>Delivery Plus and Russian Post for default cart</name>
    <code>LouiseDPandPRForDefault</code>
    <version>1.2</version>
    <author>louise170 (louise@ya.ru)</author>
    <link><![CDATA[]]></link>

    <!-- default cart -->
    <file path="catalog/view/theme/*/template/checkout/shipping_method.tpl">
        <operation error="log">
            <search><![CDATA[
                <?php echo $quote['title']; ?> - <?php echo $quote['text']; ?>
            ]]>
            </search>
            <add position="replace"><![CDATA[
                <?php if (isset($quote['image']) and !empty($quote['image']) ) { ?>
                    <img src="<?php echo $quote['image'];?>" />
                <?php
                }

                echo $quote['title'];
				if (!empty($quote['text'])) echo ' - '.$quote['text'];

				if (!empty($quote['description']) and $quote['description'] != '<p><br></p>') { ?>
                    <br/><div class="dpandpr_descr"><?php echo $quote['description']; ?></div>
				<?php 
                }
				
				if (!empty($quote['warning'])) { ?>
					<br/><span style="color:red;"><?php echo $quote['warning']; ?></span>
                <?php } ?>
            ]]>
            </add>
        </operation>

        <operation error="log">
            <search><![CDATA[
                <?php foreach ($shipping_method['quote'] as $quote) { ?>
            ]]>
            </search>
            <add position="replace"><![CDATA[
                <?php foreach ($shipping_method['quote'] as $quote) {
                    if (isset($quote['error']) and $quote['error'] == true) {
                        $local_class = ' class="" disabled="disabled" ';
                    }
                    else {
                        $local_class = "";
                    }
                ?>
                ]]>
            </add>
        </operation>

        <operation error="log">
            <search><![CDATA[value="<?php echo $quote['code']; ?>"]]>
            </search>
            <add position="replace"><![CDATA[value="<?php echo $quote['code']; ?>" <?php echo $local_class; ?>]]>
            </add>
        </operation>

        <operation error="log">
            <search><![CDATA[<br /><small><?php echo $quote['description']; ?></small>]]></search>
            <add position="replace"><![CDATA[<!--br /><small><?php echo $quote['description']; ?></small-->]]>
            </add>
        </operation>

    </file>

    <file path="catalog/controller/checkout/cart.php">
        <operation error="skip">
            <search><![CDATA[
                array_multisort($sort_order, SORT_ASC, $total_data);
            ]]>
            </search>
            <add position="before"><![CDATA[
                if (isset($this->session->data['shipping_method']['text']) and !empty($this->session->data['shipping_method']['text'])) {
                    foreach ($total_data as $k => $v) {
                        if ($v['code'] == 'shipping') {
                            $total_data[$k]['text'] = $this->session->data['shipping_method']['text'];
                        }
                    }
                }
            ]]>
            </add>
        </operation>
    </file>

    <file path="catalog/controller/checkout/confirm.php">
        <operation error="skip">
            <search><![CDATA[
                array_multisort($sort_order, SORT_ASC, $order_data['totals']);
            ]]>
            </search>
            <add position="before"><![CDATA[
                if (isset($this->session->data['shipping_method']['text']) and !empty($this->session->data['shipping_method']['text'])) {
                    foreach ($order_data['totals'] as $k => $v) {
                        if ($v['code'] == 'shipping') {
                            $order_data['totals'][$k]['text'] = $this->session->data['shipping_method']['text'];
                        }
                    }
                }
            ]]>
            </add>
        </operation>
    </file>
    <!--// default cart -->
	
</modification>

