<modification>
    <name>Delivery Plus and Russian Post for Unicheckout cart</name>
    <code>LouiseDPandPRForUnicheckout</code>
    <version>1.1</version>
    <author>louise170 (louise@ya.ru)</author>
    <link><![CDATA[]]></link>

    <!-- Unicheckout cart -->
    <file path="catalog/view/theme/*/template/checkout/unishipping.tpl">
        <operation error="log">
            <search><![CDATA[
                <?php echo $quote['title']; ?> -
            ]]>
            </search>
            <add position="replace"><![CDATA[
                <?php if (isset($quote['image']) and !empty($quote['image']) ) { ?>
                    <img src="<?php echo $quote['image'];?>" />
                <?php
                }

                echo $quote['title'];

                if (isset($quote['error']) and $quote['error'] != false and $quote['error'] != true) {
                    echo '<br/>'.$quote['error'];
                }
                ?> -
            ]]>
            </add>
        </operation>

        <operation error="log">
            <search><![CDATA[
                <?php foreach ($shipping_method['quote'] as $quote) { ?>
            ]]>
            </search>
            <add position="replace"><![CDATA[
                <?php foreach ($shipping_method['quote'] as $quote) {
                    if (isset($quote['error']) and $quote['error'] == true) {
                        $local_class = ' class="" disabled="disabled" ';
                    }
                    else {
                        $local_class = "";
                    }
                ?>
                ]]>
            </add>
        </operation>

        <operation error="log">
            <search><![CDATA[
                <label><input type="radio" name="shipping_method" value="
            ]]>
            </search>
            <add position="replace"><![CDATA[<label><input type="radio" name="shipping_method" <?php echo $local_class; ?> value="]]>
            </add>
        </operation>

        <operation error="log">
            <search><![CDATA[
                </label>
            ]]>
            </search>
            <add position="replace"><![CDATA[
                <?php if (!empty($quote['description']) and $quote['description'] != '<p><br></p>' and ((isset($quote['show_description']) and (($quote['code'] == $code and $quote['show_description'] == 1) or $quote['show_description'] == 2)) or !isset($quote['show_description']))) { ?>
                    <br/><div class="dpandpr_descr"><?php echo $quote['description']; ?></div>
                <?php } ?>
                </label>
            ]]>
            </add>
        </operation>
    </file>

    <file path="catalog/view/theme/*/template/checkout/uni_shipping.tpl">
        <operation error="log">
            <search><![CDATA[
                <span></span>
            ]]>
            </search>
            <add position="after"><![CDATA[
                <?php if (isset($quote['image']) and !empty($quote['image']) ) { ?>
                    <img src="<?php echo $quote['image'];?>" />
                <?php } ?>
            ]]>
            </add>
        </operation>

        <operation error="log">
            <search><![CDATA[
                <?php foreach ($shipping_method['quote'] as $quote) { ?>
            ]]>
            </search>
            <add position="after"><![CDATA[
                <?php if (isset($quote['error']) and $quote['error'] == true) {
                    $local_class = ' class="" disabled="disabled" ';
                }
                else {
                    $local_class = "";
                } ?>
                ]]>
            </add>
        </operation>

        <operation error="log">
            <search><![CDATA[
                <input type="radio" name="shipping_method" value="
                ]]>
            </search>
            <add position="replace"><![CDATA[<input type="radio" name="shipping_method" <?php echo $local_class; ?> value="]]>
            </add>
        </operation>

        <operation error="log">
            <search><![CDATA[
                </span></span>
            ]]>
            </search>
            <add position="after"><![CDATA[
                <?php if (!empty($quote['description']) and $quote['description'] != '<p><br></p>' and ((isset($quote['show_description']) and (($quote['code'] == $code and $quote['show_description'] == 1) or $quote['show_description'] == 2)) or !isset($quote['show_description']))) { ?>
                    <br/><div class="dpandpr_descr"><?php echo $quote['description']; ?></div>
                <?php }

                if (isset($quote['error']) and $quote['error'] != false and $quote['error'] != true) {
                    echo '<br/>'.$quote['error'];
                }
                ?>
            ]]>
            </add>
        </operation>
    </file>

    <file path="catalog/controller/checkout/unicheckout.php">
        <operation error="skip">
            <search><![CDATA[
                array_multisort($sort_order, SORT_ASC, $order_data['totals']);
            ]]>
            </search>
            <add position="before"><![CDATA[
                if (isset($this->session->data['shipping_method']['text']) and !empty($this->session->data['shipping_method']['text'])) {
                    foreach ($order_data['totals'] as $k => $v) {
                        if ($v['code'] == 'shipping') {
                            $order_data['totals'][$k]['text'] = $this->session->data['shipping_method']['text'];
                        }
                    }
                }
            ]]>
            </add>
        </operation>

        <operation error="skip">
            <search><![CDATA[
                array_multisort($sort_order, SORT_ASC, $totals);
            ]]>
            </search>
            <add position="before"><![CDATA[
                if (isset($this->session->data['shipping_method']['text']) and !empty($this->session->data['shipping_method']['text'])) {
                    foreach ($totals as $k => $v) {
                        if ($v['code'] == 'shipping') {
                            $totals[$k]['text'] = $this->session->data['shipping_method']['text'];
                        }
                    }
                }
            ]]>
            </add>
        </operation>
    </file>

    <file path="catalog/controller/checkout/uni_checkout.php">
        <operation error="skip">
            <search><![CDATA[
                array_multisort($sort_order, SORT_ASC, $total_data);
            ]]>
            </search>
            <add position="before"><![CDATA[
                if (isset($this->session->data['shipping_method']['text']) and !empty($this->session->data['shipping_method']['text'])) {
                    foreach ($total_data['totals'] as $k => $v) {
                        if ($v['code'] == 'shipping') {
                            $total_data['totals'][$k]['text'] = $this->session->data['shipping_method']['text'];
                        }
                    }
                }
            ]]>
            </add>
        </operation>

        <operation error="skip">
            <search><![CDATA[
                array_multisort($sort_order, SORT_ASC, $totals);
            ]]>
            </search>
            <add position="before"><![CDATA[
                if (isset($this->session->data['shipping_method']['text']) and !empty($this->session->data['shipping_method']['text'])) {
                    foreach ($totals as $k => $v) {
                        if ($v['code'] == 'shipping') {
                            $totals[$k]['text'] = $this->session->data['shipping_method']['text'];
                        }
                    }
                }
            ]]>
            </add>
        </operation>
    </file>
    <!--// Unicheckout cart -->
	
</modification>

